遥控器 Pitch 目标角度,当前 Pitch 实际角度,外环角度误差,外环原始输出角速度,斜坡后的最终角速度目标,当前 Pitch 角速度,角速度内环 P 项输出,角速度内环最终输出,电机差动量,油门,D项输出,I项输出
0,-0.19,0.19,0.37,0.37,-0.03,0.16,0.22,0,0.15,0,0.06
0,-0.19,0.19,0.38,0.38,-0.03,0.16,0.22,0,0.15,0,0.06
0,-0.19,0.19,0.38,0.38,-0.02,0.16,0.22,0,0.15,0,0.06
0,-0.19,0.19,0.38,0.38,-0.02,0.16,0.22,0,0.15,0,0.06
0,-0.19,0.19,0.38,0.38,-0.03,0.16,0.22,0,0.15,0,0.06
0,-0.19,0.19,0.38,0.38,-0.04,0.16,0.22,0,0.15,0,0.06
0,-0.19,0.19,0.37,0.37,-0.04,0.17,0.23,0,0.15,0,0.06
0,-0.19,0.19,0.38,0.38,-0.05,0.17,0.23,0,0.15,0,0.06
0,-0.18,0.18,0.37,0.37,-0.03,0.16,0.22,0,0.15,0,0.06
0,-0.19,0.18,0.37,0.37,-0.03,0.16,0.22,0,0.15,0,0.06
0,-0.18,0.18,0.37,0.37,-0.04,0.16,0.22,0,0.15,0,0.06
0,-0.18,0.18,0.37,0.37,-0.05,0.17,0.23,0,0.15,0,0.06
0,-0.18,0.18,0.37,0.37,-0.04,0.17,0.23,0,0.45,0,0.06
0,-0.18,0.18,0.36,0.36,-0.03,0.16,0.22,0,2.55,0,0.06
0,-0.18,0.18,0.36,0.36,-0.03,0.16,0.22,0,3.75,0,0.07
0,-0.18,0.18,0.36,0.36,-0.03,0.16,0.22,0,3.9,0,0.07
0,-0.18,0.18,0.36,0.36,-0.03,0.15,0.22,0,5.25,0,0.07
0,-0.18,0.18,0.36,0.36,-0.02,0.15,0.22,0,5.4,0,0.07
0,-0.18,0.18,0.36,0.36,-0.02,0.15,0.22,0,6,0,0.07
0,-0.18,0.18,0.36,0.36,-0.04,0.16,0.22,0,6.45,0,0.07
0,-0.18,0.18,0.36,0.36,-0.05,0.16,0.23,0,6.75,0,0.07
0,-0.18,0.18,0.36,0.36,-0.05,0.16,0.23,0,8.25,0,0.07
0,-0.18,0.18,0.36,0.36,-0.05,0.16,0.23,0,8.85,0,0.07
0,-0.18,0.18,0.35,0.35,-0.04,0.16,0.23,0,10.8,0,0.07
0,-0.18,0.18,0.36,0.36,-0.04,0.16,0.23,0,11.85,0,0.07
0,-0.18,0.18,0.36,0.36,-0.04,0.16,0.23,0,12.15,0,0.07
0,-0.18,0.18,0.35,0.35,-0.03,0.16,0.23,0,12.6,0,0.07
0,-0.18,0.18,0.35,0.35,-0.01,0.15,0.22,0,12.75,0,0.07
0,-0.18,0.18,0.35,0.35,-0.02,0.15,0.22,0,12.9,0,0.07
0,-0.18,0.18,0.35,0.35,-0.02,0.15,0.22,0,13.2,0,0.07
0,-0.18,0.18,0.35,0.35,-0.02,0.15,0.23,0,13.2,0,0.08
0,-0.18,0.18,0.35,0.35,-0.02,0.15,0.22,0,13.5,0,0.08
0,-0.18,0.18,0.35,0.35,-0.04,0.16,0.23,0,13.65,0,0.08
0,-0.18,0.18,0.35,0.35,-0.02,0.15,0.23,0,13.65,0,0.08
0,-0.18,0.18,0.35,0.35,-0.02,0.15,0.22,0,13.8,0,0.08
0,-0.17,0.18,0.35,0.35,-0.02,0.15,0.23,0,13.8,0,0.08
0,-0.17,0.17,0.35,0.35,-0.01,0.14,0.22,0,14.25,0,0.08
0,-0.17,0.17,0.34,0.34,-0.02,0.14,0.22,0,14.4,0,0.08
0,-0.17,0.17,0.34,0.34,-0.01,0.14,0.22,0,15.3,0,0.08
0,-0.17,0.17,0.34,0.34,-0.01,0.14,0.22,0,16.2,0,0.08
0,-0.17,0.17,0.34,0.34,-0.02,0.14,0.22,0,16.35,0,0.08
0,-0.17,0.17,0.33,0.33,-0.03,0.14,0.22,0,16.5,0,0.08
0,-0.17,0.17,0.34,0.34,-0.05,0.15,0.24,0,16.65,0,0.08
0,-0.17,0.17,0.33,0.33,-0.06,0.16,0.24,0,17.1,0,0.08
0,-0.17,0.17,0.34,0.34,-0.07,0.16,0.25,0,18.3,0,0.08
0,-0.17,0.17,0.34,0.34,-0.08,0.17,0.25,0,18.3,0,0.08
0,-0.17,0.17,0.34,0.34,-0.06,0.16,0.25,0,18.9,0,0.09
0,-0.17,0.17,0.34,0.34,-0.04,0.15,0.24,0,19.05,0,0.09
0,-0.18,0.17,0.34,0.34,0.03,0.15,0.23,0,19.5,0,0.09
0,-0.17,0.15,0.31,0.31,0.19,0.07,0.14,0,19.95,-0.02,0.09
0,-0.16,0.16,0.32,0.32,-0.04,0.08,0.16,0,20.4,-0.01,0.09
0,-0.16,0.15,0.31,0.31,-0.32,0.2,0.32,0,20.7,0.03,0.09
0,-0.17,0.17,0.35,0.35,-0.42,0.3,0.42,0,21,0.03,0.09
0,-0.18,0.18,0.35,0.35,-0.35,0.3,0.41,0,21.6,0.02,0.09
0,-0.2,0.19,0.37,0.37,-0.22,0.26,0.35,0,21.9,0,0.09
0,-0.2,0.2,0.41,0.41,-0.27,0.25,0.34,0,21.9,0,0.09
0,-0.19,0.2,0.4,0.4,-0.12,0.26,0.35,0,21.9,0,0.09
0,-0.18,0.18,0.36,0.36,0.24,0.12,0.18,0,21.9,-0.03,0.09
0,-0.17,0.17,0.35,0.35,0.39,0,0.05,0,21.9,-0.04,0.09
0,-0.16,0.16,0.32,0.32,0.33,-0.02,0.05,0,21.9,-0.03,0.09
0,-0.16,0.16,0.32,0.32,0.21,0.02,0.11,0,22.05,-0.01,0.09
0,-0.16,0.16,0.32,0.32,0.07,0.07,0.17,0,22.05,0.01,0.09
0,-0.16,0.17,0.33,0.33,-0.15,0.15,0.27,0,22.05,0.02,0.09
0,-0.18,0.18,0.35,0.35,-0.35,0.24,0.37,0,22.95,0.03,0.1
0,-0.19,0.19,0.38,0.38,-0.38,0.31,0.44,0,23.1,0.03,0.1
0,-0.19,0.19,0.38,0.38,-0.25,0.28,0.4,0,23.25,0.01,0.1
0,-0.19,0.19,0.39,0.39,-0.01,0.21,0.3,0,23.4,-0.01,0.1
0,-0.17,0.18,0.36,0.36,0.27,0.09,0.16,0,23.4,-0.03,0.1
0,-0.16,0.16,0.32,0.32,0.53,-0.04,0.02,0,23.85,-0.05,0.1
0,-0.16,0.16,0.33,0.33,0.46,-0.09,-0.03,0,24,-0.04,0.1
0,-0.16,0.16,0.33,0.33,0.09,0.02,0.12,0,24,0,0.1
0,-0.17,0.17,0.33,0.33,-0.23,0.17,0.3,0,24,0.04,0.1
0,-0.19,0.18,0.35,0.35,-0.45,0.28,0.43,0,24,0.05,0.1
0,-0.19,0.19,0.38,0.38,-0.56,0.36,0.51,1,24.15,0.04,0.1
0,-0.19,0.19,0.38,0.38,-0.45,0.36,0.49,0,24.3,0.03,0.1
0,-0.19,0.19,0.38,0.38,-0.17,0.28,0.38,0,24.6,0,0.1
0,-0.18,0.19,0.37,0.37,0.09,0.16,0.24,0,24.6,-0.03,0.11
0,-0.16,0.17,0.34,0.34,0.29,0.06,0.13,0,24.75,-0.04,0.11
0,-0.16,0.16,0.33,0.33,0.34,-0.01,0.06,0,24.6,-0.04,0.11
0,-0.16,0.16,0.32,0.32,0.22,0.01,0.1,0,24.6,-0.02,0.11
0,-0.17,0.17,0.33,0.33,-0.03,0.09,0.2,0,24.75,0.01,0.11
0,-0.17,0.17,0.33,0.33,-0.27,0.2,0.33,0,25.05,0.03,0.11
0,-0.17,0.17,0.34,0.34,-0.38,0.28,0.42,0,25.2,0.04,0.11
0,-0.17,0.18,0.35,0.35,-0.31,0.28,0.42,0,26.1,0.02,0.11
0,-0.17,0.17,0.34,0.34,-0.13,0.23,0.34,0,26.4,0,0.11
0,-0.16,0.17,0.33,0.33,0.07,0.15,0.24,0,26.4,-0.02,0.11
0,-0.15,0.15,0.3,0.3,0.3,0.04,0.12,0,26.55,-0.03,0.11
0,-0.15,0.15,0.3,0.3,0.34,-0.02,0.06,0,26.55,-0.03,0.11
0,-0.15,0.15,0.3,0.3,0.15,0.01,0.11,0,26.7,-0.01,0.11
0,-0.15,0.15,0.29,0.29,-0.07,0.1,0.23,0,27,0.01,0.11
0,-0.18,0.16,0.32,0.32,-0.33,0.21,0.35,0,27.15,0.03,0.11
0,-0.18,0.18,0.35,0.35,-0.51,0.32,0.47,0,27.3,0.04,0.11
0,-0.17,0.18,0.35,0.35,-0.4,0.34,0.48,0,27.45,0.03,0.11
0,-0.18,0.18,0.36,0.36,-0.1,0.24,0.35,0,27.6,-0.01,0.12
0,-0.17,0.18,0.35,0.35,0.17,0.13,0.21,0,27.75,-0.03,0.12
0,-0.15,0.16,0.31,0.31,0.42,0.01,0.08,0,28.2,-0.04,0.12
0,-0.14,0.14,0.29,0.29,0.54,-0.09,-0.03,0,28.65,-0.05,0.12
0,-0.14,0.15,0.29,0.29,0.36,-0.08,0.01,0,28.8,-0.02,0.12
0,-0.15,0.14,0.28,0.28,0.03,0.03,0.16,0,28.95,0.01,0.12
0,-0.16,0.15,0.3,0.3,-0.29,0.18,0.33,0,28.95,0.04,0.12
0,-0.17,0.17,0.33,0.33,-0.46,0.29,0.46,0,28.95,0.05,0.12
0,-0.17,0.17,0.34,0.34,-0.46,0.33,0.48,0,28.95,0.04,0.12
0,-0.17,0.17,0.34,0.34,-0.26,0.29,0.42,0,28.95,0.01,0.12
0,-0.15,0.16,0.32,0.32,0.1,0.16,0.26,0,28.95,-0.02,0.12
0,-0.13,0.15,0.29,0.29,0.48,-0.01,0.06,0,28.95,-0.05,0.12
0,-0.11,0.12,0.23,0.23,0.69,-0.15,-0.09,0,28.95,-0.06,0.12
0,-0.09,0.1,0.2,0.2,0.59,-0.19,-0.11,0,28.95,-0.04,0.12
0,-0.09,0.09,0.18,0.18,0.26,-0.11,0.01,0,28.95,0,0.12
0,-0.1,0.09,0.19,0.19,-0.27,0.08,0.24,0,28.95,0.04,0.12
0,-0.11,0.11,0.21,0.21,-0.7,0.29,0.49,0,28.95,0.07,0.12
0,-0.11,0.11,0.22,0.22,-0.72,0.39,0.58,1,28.95,0.06,0.12
0,-0.11,0.11,0.22,0.22,-0.5,0.34,0.49,0,28.95,0.03,0.12
0,-0.09,0.1,0.21,0.21,-0.13,0.22,0.33,0,28.95,-0.01,0.12
0,-0.06,0.08,0.15,0.15,0.43,0,0.07,0,28.95,-0.05,0.12
0,-0.04,0.05,0.1,0.1,0.83,-0.23,-0.19,0,28.95,-0.08,0.12
0,-0.03,0.03,0.07,0.07,0.83,-0.32,-0.26,0,28.95,-0.07,0.12
0,-0.03,0.02,0.05,0.05,0.5,-0.26,-0.17,0,28.95,-0.02,0.12
0,-0.05,0.04,0.09,0.09,-0.08,-0.06,0.09,0,28.95,0.03,0.12
0,-0.08,0.06,0.12,0.12,-0.66,0.21,0.41,0,28.95,0.08,0.12
0,-0.09,0.08,0.17,0.17,-0.95,0.41,0.62,1,28.95,0.09,0.12
0,-0.1,0.1,0.21,0.21,-0.84,0.46,0.65,1,28.95,0.06,0.12
0,-0.11,0.1,0.2,0.2,-0.42,0.35,0.48,0,28.95,0.01,0.13
0,-0.08,0.1,0.19,0.19,0.16,0.13,0.21,0,28.95,-0.04,0.13
0,-0.06,0.08,0.15,0.15,0.71,-0.13,-0.08,0,28.95,-0.08,0.13
0,-0.04,0.05,0.09,0.09,0.96,-0.31,-0.27,0,29.1,-0.09,0.13
0,-0.03,0.03,0.07,0.07,0.76,-0.34,-0.27,0,29.4,-0.05,0.12
0,-0.03,0.03,0.06,0.06,0.25,-0.19,-0.07,0,29.4,0,0.12
0,-0.05,0.04,0.07,0.07,-0.36,0.06,0.24,0,29.4,0.06,0.12
0,-0.06,0.05,0.1,0.1,-0.8,0.28,0.49,0,29.4,0.09,0.12
0,-0.07,0.07,0.14,0.14,-0.93,0.42,0.63,1,29.4,0.08,0.13
0,-0.07,0.07,0.14,0.14,-0.66,0.4,0.57,1,29.4,0.04,0.13
0,-0.05,0.06,0.12,0.12,-0.08,0.2,0.31,0,29.55,-0.02,0.13
0,-0.04,0.05,0.09,0.09,0.54,-0.06,0,0,29.7,-0.07,0.13
0,-0.02,0.03,0.05,0.05,0.95,-0.29,-0.26,0,29.7,-0.09,0.13
0,-0.01,0.01,0.02,0.02,1,-0.41,-0.36,0,29.7,-0.08,0.13
0,-0.01,0.01,0.02,0.02,0.59,-0.33,-0.23,0,30,-0.03,0.12
0,-0.04,0.03,0.06,0.06,-0.11,-0.08,0.08,0,30.15,0.04,0.12
0,-0.07,0.05,0.1,0.1,-0.75,0.22,0.44,0,30.15,0.09,0.12
0,-0.08,0.07,0.15,0.15,-1.09,0.45,0.67,1,30.15,0.1,0.13
0,-0.09,0.1,0.19,0.19,-0.99,0.51,0.71,1,30.15,0.07,0.13
0,-0.09,0.09,0.19,0.19,-0.48,0.39,0.54,1,30,0.01,0.13
0,-0.07,0.08,0.16,0.16,0.23,0.11,0.19,0,30,-0.06,0.13
0,-0.05,0.07,0.13,0.13,0.87,-0.19,-0.16,0,30,-0.1,0.13
0,-0.03,0.04,0.07,0.07,1.14,-0.38,-0.36,0,30,-0.1,0.13
0,-0.02,0.01,0.03,0.03,0.92,-0.43,-0.37,0,30.15,-0.07,0.13
0,-0.02,0.02,0.05,0.05,0.24,-0.23,-0.1,0,30.15,0.01,0.13
0,-0.05,0.03,0.07,0.07,-0.58,0.11,0.32,0,30.15,0.08,0.13
0,-0.08,0.06,0.13,0.13,-1.14,0.41,0.65,1,30.15,0.11,0.13
0,-0.11,0.1,0.2,0.2,-1.22,0.58,0.81,1,30.15,0.1,0.13
0,-0.12,0.12,0.23,0.23,-0.85,0.53,0.7,1,30.15,0.04,0.13
0,-0.11,0.12,0.23,0.23,-0.14,0.3,0.41,0,30.15,-0.03,0.13
0,-0.08,0.1,0.19,0.19,0.63,-0.02,0.02,0,30.15,-0.09,0.13
0,-0.05,0.07,0.14,0.14,1.11,-0.31,-0.3,0,30.3,-0.12,0.13
0,-0.04,0.04,0.07,0.07,1.11,-0.44,-0.41,0,30.45,-0.09,0.13
0,-0.02,0.02,0.04,0.04,0.6,-0.34,-0.24,0,30.45,-0.03,0.13
0,-0.03,0.03,0.06,0.06,-0.14,-0.08,0.1,0,30.6,0.04,0.13
0,-0.07,0.05,0.09,0.09,-0.87,0.25,0.48,0,30.75,0.1,0.13
0,-0.1,0.08,0.16,0.16,-1.31,0.52,0.77,1,30.75,0.12,0.13
0,-0.12,0.12,0.23,0.23,-1.2,0.62,0.84,1,30.75,0.08,0.13
0,-0.13,0.13,0.25,0.25,-0.6,0.49,0.64,1,30.75,0.02,0.14
0,-0.09,0.11,0.23,0.23,0.27,0.16,0.24,0,30.75,-0.06,0.14
0,-0.05,0.08,0.15,0.15,1.08,-0.23,-0.21,0,30.75,-0.12,0.14
0,-0.03,0.04,0.07,0.07,1.4,-0.5,-0.49,0,30.75,-0.13,0.13
0,-0.02,0.02,0.04,0.04,1.11,-0.51,-0.46,0,30.75,-0.08,0.13
0,-0.04,0.03,0.06,0.06,0.32,-0.28,-0.14,0,30.75,0.01,0.13
0,-0.06,0.05,0.1,0.1,-0.65,0.11,0.33,0,30.75,0.09,0.13
0,-0.1,0.08,0.15,0.15,-1.33,0.48,0.75,1,30.75,0.14,0.13
0,-0.12,0.11,0.23,0.23,-1.5,0.69,0.94,1,30.75,0.12,0.13
0,-0.13,0.13,0.26,0.26,-1.04,0.64,0.84,1,30.75,0.06,0.14
0,-0.11,0.12,0.24,0.24,-0.12,0.34,0.45,0,30.75,-0.04,0.14
0,-0.07,0.09,0.18,0.18,0.85,-0.08,-0.05,0,30.75,-0.11,0.14
0,-0.03,0.06,0.12,0.12,1.45,-0.44,-0.45,0,30.75,-0.15,0.14
0,-0.02,0.02,0.04,0.04,1.47,-0.59,-0.57,-1,30.75,-0.11,0.14
0,-0.02,0.01,0.02,0.02,0.85,-0.48,-0.39,0,30.75,-0.04,0.13
0,-0.04,0.03,0.06,0.06,-0.09,-0.14,0.05,0,30.75,0.05,0.13
0,-0.07,0.05,0.11,0.11,-0.97,0.27,0.53,1,30.9,0.12,0.13
0,-0.11,0.09,0.18,0.18,-1.48,0.58,0.86,1,31.05,0.14,0.14
0,-0.13,0.12,0.25,0.25,-1.44,0.72,0.96,1,31.65,0.11,0.14
0,-0.12,0.13,0.26,0.26,-0.76,0.57,0.74,1,32.1,0.03,0.14
0,-0.1,0.11,0.22,0.22,0.26,0.19,0.27,0,32.55,-0.07,0.14
0,-0.06,0.07,0.15,0.15,1.18,-0.24,-0.24,0,32.7,-0.14,0.14
0,-0.03,0.04,0.08,0.08,1.6,-0.56,-0.57,-1,32.7,-0.15,0.14
0,-0.02,0.02,0.04,0.04,1.33,-0.6,-0.56,-1,32.85,-0.09,0.14
0,-0.03,0.03,0.05,0.05,0.45,-0.36,-0.22,0,33.15,0,0.14
0,-0.06,0.04,0.08,0.08,-0.59,0.07,0.3,0,33.3,0.1,0.13
0,-0.11,0.09,0.17,0.17,-1.43,0.49,0.78,1,33.45,0.15,0.14
0,-0.13,0.13,0.25,0.25,-1.7,0.76,1.04,2,33.45,0.14,0.14
0,-0.14,0.13,0.26,0.26,-1.3,0.74,0.96,1,33.6,0.08,0.14
0,-0.12,0.13,0.27,0.27,-0.26,0.44,0.56,1,33.6,-0.03,0.14
0,-0.08,0.1,0.19,0.19,0.88,-0.05,-0.03,0,33.6,-0.12,0.14
0,-0.06,0.07,0.14,0.14,1.67,-0.48,-0.51,-1,33.75,-0.17,0.14
0,-0.02,0.03,0.06,0.06,1.72,-0.69,-0.69,-1,33.75,-0.14,0.14
0,-0.03,0.02,0.04,0.04,1.15,-0.58,-0.5,0,33.9,-0.05,0.14
0,-0.03,0.03,0.07,0.07,0.16,-0.25,-0.07,0,34.05,0.04,0.14
0,-0.08,0.05,0.1,0.1,-0.78,0.18,0.44,0,34.2,0.12,0.14
0,-0.1,0.09,0.18,0.18,-1.43,0.54,0.82,1,34.2,0.15,0.14
0,-0.12,0.11,0.23,0.23,-1.38,0.69,0.96,1,34.35,0.12,0.14
0,-0.11,0.13,0.26,0.26,-0.77,0.55,0.73,1,34.35,0.03,0.14
0,-0.1,0.11,0.22,0.22,0.21,0.22,0.31,0,34.35,-0.06,0.15
0,-0.05,0.07,0.14,0.14,1.2,-0.24,-0.23,0,34.5,-0.13,0.14
0,-0.02,0.03,0.07,0.07,1.68,-0.58,-0.59,-1,34.5,-0.15,0.14
0,0,0.02,0.03,0.03,1.43,-0.65,-0.61,-1,34.5,-0.1,0.14
0,-0.02,0.01,0.01,0.01,0.56,-0.41,-0.27,0,34.5,0,0.14
0,-0.07,0.03,0.06,0.06,-0.46,0,0.23,0,34.5,0.09,0.14
0,-0.1,0.08,0.16,0.16,-1.41,0.45,0.74,1,34.65,0.15,0.14
0,-0.14,0.13,0.27,0.27,-1.83,0.79,1.09,2,34.8,0.16,0.14
0,-0.16,0.15,0.3,0.3,-1.49,0.82,1.07,2,34.95,0.1,0.15
0,-0.14,0.15,0.3,0.3,-0.44,0.53,0.67,1,35.25,-0.01,0.15
0,-0.09,0.12,0.24,0.24,0.89,0,0.02,0,35.4,-0.13,0.15
0,-0.05,0.07,0.14,0.14,1.84,-0.52,-0.56,-1,35.55,-0.19,0.15
0,-0.02,0.03,0.06,0.06,2,-0.78,-0.81,-1,35.7,-0.16,0.14
0,-0.01,0,0,0,1.3,-0.71,-0.64,-1,35.85,-0.07,0.14
0,-0.04,0.02,0.03,0.03,0.04,-0.27,-0.07,0,36.15,0.06,0.14
0,-0.08,0.06,0.13,0.13,-1.25,0.3,0.59,1,36.45,0.16,0.14
0,-0.13,0.11,0.22,0.22,-2.21,0.82,1.17,2,36.6,0.21,0.14
0,-0.17,0.15,0.3,0.3,-2.19,1.06,1.37,2,36.75,0.17,0.15
0,-0.17,0.17,0.34,0.34,-1.32,0.86,1.06,2,36.75,0.05,0.15
0,-0.13,0.15,0.31,0.31,0.05,0.4,0.48,0,36.9,-0.08,0.15
0,-0.08,0.11,0.22,0.22,1.52,-0.25,-0.29,0,36.9,-0.19,0.15
0,-0.03,0.07,0.13,0.13,2.14,-0.73,-0.8,-1,37.05,-0.22,0.15
0,-0.01,0.02,0.04,0.04,2,-0.84,-0.84,-1,36.9,-0.14,0.15
0,-0.02,0.01,0.02,0.02,1.11,-0.66,-0.56,-1,37.05,-0.04,0.14
0,-0.07,0.04,0.08,0.08,-0.47,-0.11,0.13,0,37.65,0.1,0.14
0,-0.13,0.09,0.19,0.19,-1.85,0.57,0.93,1,37.95,0.21,0.14
0,-0.17,0.16,0.31,0.31,-2.41,1.03,1.39,2,37.95,0.22,0.15
0,-0.2,0.19,0.39,0.39,-2.07,1.09,1.38,2,38.1,0.14,0.15
0,-0.19,0.19,0.39,0.39,-0.91,0.79,0.96,1,38.1,0.01,0.16
0,-0.13,0.16,0.33,0.33,0.76,0.16,0.18,0,38.1,-0.14,0.16
0,-0.08,0.1,0.2,0.2,2.05,-0.52,-0.59,-1,38.25,-0.23,0.16
0,-0.02,0.05,0.1,0.1,2.5,-0.91,-0.98,-1,38.25,-0.22,0.15
0,-0.01,0.02,0.03,0.03,2.05,-0.94,-0.92,-1,38.4,-0.13,0.15
0,-0.03,0.02,0.04,0.04,0.76,-0.58,-0.43,0,38.4,0.01,0.15
0,-0.08,0.05,0.11,0.11,-1,0.1,0.4,0,38.55,0.16,0.15
0,-0.13,0.1,0.2,0.2,-2.07,0.74,1.13,2,38.85,0.24,0.15
0,-0.18,0.16,0.31,0.31,-2.32,1.04,1.39,2,38.85,0.2,0.15
0,-0.19,0.19,0.39,0.39,-1.84,1.03,1.29,2,38.85,0.11,0.16
0,-0.15,0.18,0.35,0.35,-0.42,0.64,0.77,1,39,-0.03,0.16
0,-0.09,0.13,0.25,0.25,1.48,-0.11,-0.14,0,39,-0.18,0.16
0,-0.03,0.06,0.13,0.13,2.77,-0.85,-0.97,-1,39.15,-0.27,0.16
0,0,0.01,0.02,0.02,2.79,-1.17,-1.24,-2,39.15,-0.22,0.15
0,0.01,-0.02,-0.03,-0.03,1.82,-0.97,-0.9,-1,39.15,-0.08,0.15
0,-0.03,0.01,0.01,0.01,0.3,-0.44,-0.22,0,39.3,0.07,0.15
0,-0.08,0.06,0.11,0.11,-1.52,0.29,0.64,1,39.6,0.21,0.15
0,-0.15,0.12,0.24,0.24,-2.82,1.02,1.45,2,39.6,0.28,0.15
0,-0.17,0.17,0.34,0.34,-2.81,1.34,1.72,3,39.9,0.23,0.15
0,-0.19,0.19,0.38,0.38,-1.57,1.07,1.3,2,39.9,0.07,0.16
0,-0.15,0.17,0.34,0.34,0.11,0.43,0.49,0,39.9,-0.11,0.16
0,-0.07,0.11,0.22,0.22,1.78,-0.29,-0.35,0,40.05,-0.22,0.16
0,0.01,0.02,0.04,0.04,3.2,-1.01,-1.14,-2,40.05,-0.28,0.16
0,0.05,-0.04,-0.08,-0.08,3.4,-1.43,-1.54,-3,40.2,-0.26,0.15
0,0.05,-0.06,-0.12,-0.12,2.03,-1.2,-1.14,-2,40.2,-0.09,0.15
0,0.01,-0.03,-0.07,-0.07,-0.17,-0.42,-0.15,0,40.2,0.13,0.14
0,-0.07,0.03,0.07,0.07,-2.26,0.54,0.98,1,40.2,0.29,0.15
0,-0.14,0.11,0.21,0.21,-3.37,1.28,1.76,3,40.2,0.33,0.15
0,-0.19,0.18,0.36,0.36,-3.16,1.51,1.9,3,40.2,0.23,0.16
0,-0.18,0.19,0.38,0.38,-1.83,1.2,1.42,2,40.35,0.06,0.16
0,-0.12,0.15,0.31,0.31,0.39,0.45,0.48,0,40.5,-0.13,0.16
0,-0.03,0.07,0.14,0.14,2.82,-0.61,-0.76,-1,40.5,-0.31,0.16
0,0.05,-0.01,-0.03,-0.03,4.12,-1.48,-1.7,-3,40.5,-0.37,0.16
0,0.1,-0.08,-0.17,-0.17,3.82,-1.73,-1.84,-3,40.8,-0.26,0.15
0,0.1,-0.11,-0.22,-0.22,2.28,-1.36,-1.28,-2,40.8,-0.06,0.14
0,0.04,-0.07,-0.14,-0.14,-0.2,-0.51,-0.21,0,40.8,0.16,0.14
0,-0.05,0.01,0.01,0.01,-2.8,0.63,1.12,2,40.8,0.35,0.14
0,-0.13,0.1,0.19,0.19,-4.22,1.57,2.12,4,40.8,0.41,0.15
0,-0.18,0.16,0.32,0.32,-3.74,1.81,2.25,4,40.8,0.28,0.16
0,-0.17,0.19,0.37,0.37,-1.83,1.31,1.52,3,40.8,0.04,0.16
0,-0.09,0.13,0.26,0.26,0.72,0.33,0.3,0,40.8,-0.19,0.16
0,0.01,0.05,0.09,0.09,3.12,-0.76,-0.95,-1,41.25,-0.36,0.16
0,0.11,-0.06,-0.12,-0.12,4.65,-1.67,-1.92,-3,41.55,-0.4,0.16
0,0.18,-0.15,-0.3,-0.3,4.64,-2.06,-2.23,-4,42.15,-0.31,0.15
0,0.17,-0.19,-0.37,-0.37,2.97,-1.75,-1.71,-3,42.3,-0.1,0.14
0,0.11,-0.14,-0.29,-0.29,0.08,-0.77,-0.47,0,42.45,0.16,0.14
0,0.01,-0.06,-0.12,-0.12,-3.06,0.57,1.11,2,42.9,0.4,0.14
0,-0.09,0.05,0.1,0.1,-4.92,1.73,2.36,4,43.05,0.49,0.14
0,-0.15,0.12,0.24,0.24,-4.56,2.11,2.62,5,43.2,0.36,0.15
0,-0.15,0.16,0.33,0.33,-2.37,1.58,1.82,3,43.35,0.08,0.16
0,-0.07,0.12,0.24,0.24,0.72,0.45,0.39,0,43.35,-0.21,0.16
0,0.05,0.01,0.02,0.02,3.68,-0.91,-1.17,-2,43.5,-0.42,0.16
0,0.16,-0.1,-0.2,-0.2,5.45,-1.99,-2.32,-4,43.65,-0.48,0.15
0,0.24,-0.21,-0.42,-0.42,5.43,-2.44,-2.66,-5,43.8,-0.37,0.14
0,0.24,-0.26,-0.51,-0.51,3.65,-2.1,-2.1,-4,43.95,-0.13,0.13
0,0.19,-0.22,-0.44,-0.44,0.63,-1.07,-0.78,-1,43.95,0.16,0.13
0,0.11,-0.15,-0.3,-0.3,-2.32,0.26,0.78,1,43.95,0.39,0.13
0,0,-0.05,-0.09,-0.09,-3.98,1.3,1.89,3,43.95,0.46,0.13
0,-0.07,0.04,0.09,0.09,-3.97,1.71,2.2,4,43.95,0.35,0.14
0,-0.08,0.09,0.19,0.19,-2.5,1.43,1.71,3,43.95,0.13,0.15
0,-0.01,0.05,0.11,0.11,0.04,0.58,0.61,1,43.95,-0.12,0.15
0,0.11,-0.04,-0.09,-0.09,2.98,-0.65,-0.84,-1,43.95,-0.34,0.15
0,0.23,-0.17,-0.35,-0.35,4.96,-1.81,-2.12,-4,43.95,-0.45,0.14
0,0.33,-0.29,-0.58,-0.58,5.17,-2.35,-2.58,-5,43.95,-0.37,0.13
0,0.36,-0.35,-0.71,-0.71,3.73,-2.14,-2.17,-4,43.95,-0.16,0.12
0,0.32,-0.34,-0.68,-0.68,1.01,-1.27,-1.04,-2,43.95,0.11,0.12
0,0.25,-0.28,-0.55,-0.55,-2.04,0,0.47,0,43.95,0.35,0.12
0,0.16,-0.2,-0.4,-0.4,-4.14,1.15,1.73,3,44.1,0.46,0.12
0,0.08,-0.12,-0.24,-0.24,-4.53,1.73,2.25,4,44.4,0.39,0.13
0,0.04,-0.06,-0.11,-0.11,-3.28,1.59,1.91,3,44.55,0.19,0.13
0,0.08,-0.05,-0.11,-0.11,-0.87,0.83,0.89,1,44.7,-0.07,0.14
0,0.2,-0.14,-0.27,-0.27,1.92,-0.32,-0.49,0,44.7,-0.3,0.14
0,0.33,-0.27,-0.55,-0.55,4.14,-1.49,-1.78,-3,44.7,-0.42,0.13
0,0.42,-0.39,-0.78,-0.78,4.86,-2.2,-2.47,-4,44.7,-0.39,0.12
0,0.46,-0.46,-0.91,-0.91,3.94,-2.19,-2.3,-4,44.7,-0.22,0.12
0,0.44,-0.46,-0.92,-0.92,1.89,-1.58,-1.46,-2,44.85,0.02,0.11
0,0.37,-0.41,-0.81,-0.81,-0.85,-0.55,-0.2,0,44.85,0.24,0.1
0,0.29,-0.32,-0.64,-0.64,-3.22,0.61,1.12,2,45,0.4,0.11
0,0.21,-0.23,-0.47,-0.47,-4.23,1.38,1.9,3,45.15,0.4,0.11
0,0.15,-0.16,-0.32,-0.32,-3.73,1.53,1.91,3,45.3,0.26,0.12
0,0.18,-0.15,-0.29,-0.29,-1.9,1.07,1.23,2,45.3,0.04,0.12
0,0.27,-0.22,-0.43,-0.43,0.79,0.07,-0.01,0,45.45,-0.2,0.12
0,0.39,-0.33,-0.65,-0.65,3.23,-1.1,-1.36,-2,45.45,-0.37,0.12
0,0.47,-0.43,-0.86,-0.86,4.46,-1.96,-2.25,-4,45.6,-0.4,0.11
0,0.52,-0.5,-0.99,-0.99,4.15,-2.19,-2.36,-4,45.6,-0.28,0.1
0,0.51,-0.52,-1.04,-1.04,2.56,-1.82,-1.79,-3,45.6,-0.07,0.1
0,0.43,-0.47,-0.95,-0.95,-0.12,-0.91,-0.65,-1,45.75,0.16,0.09
0,0.35,-0.39,-0.78,-0.78,-3.05,0.34,0.81,1,45.75,0.38,0.09
0,0.27,-0.3,-0.61,-0.61,-4.83,1.42,1.97,3,45.75,0.46,0.1
0,0.19,-0.22,-0.43,-0.43,-4.89,1.86,2.31,4,45.9,0.36,0.1
0,0.17,-0.16,-0.32,-0.32,-3.38,1.6,1.85,3,46.05,0.14,0.11
0,0.23,-0.18,-0.36,-0.36,-0.67,0.71,0.69,1,46.05,-0.13,0.11
0,0.32,-0.26,-0.53,-0.53,2.26,-0.55,-0.79,-1,46.2,-0.36,0.11
0,0.44,-0.37,-0.75,-0.75,4.04,-1.65,-1.98,-3,46.35,-0.44,0.11
0,0.56,-0.5,-1,-1,4.04,-2.1,-2.35,-4,46.65,-0.34,0.1
0,0.64,-0.61,-1.22,-1.22,2.57,-1.87,-1.91,-3,46.65,-0.13,0.09
0,0.65,-0.66,-1.31,-1.31,-0.14,-1.07,-0.85,-1,46.8,0.12,0.09
0,0.61,-0.63,-1.26,-1.26,-3.41,0.21,0.67,1,46.95,0.37,0.09
0,0.54,-0.58,-1.16,-1.16,-5.7,1.44,2.03,4,47.1,0.5,0.09
0,0.44,-0.49,-0.99,-0.99,-6.16,2.07,2.59,5,47.1,0.42,0.1
0,0.38,-0.41,-0.82,-0.82,-4.98,1.98,2.3,4,47.1,0.21,0.11
0,0.39,-0.38,-0.76,-0.76,-2.47,1.24,1.29,2,47.25,-0.06,0.11
0,0.48,-0.44,-0.87,-0.87,0.63,0.02,-0.17,0,47.25,-0.31,0.11
0,0.59,-0.55,-1.09,-1.09,3.25,-1.27,-1.62,-3,47.55,-0.47,0.11
0,0.69,-0.65,-1.3,-1.3,4.39,-2.13,-2.49,-4,47.55,-0.46,0.1
0,0.74,-0.72,-1.45,-1.45,3.98,-2.32,-2.53,-5,47.7,-0.3,0.09
0,0.72,-0.74,-1.48,-1.48,2.23,-1.9,-1.89,-3,47.7,-0.08,0.08
0,0.63,-0.68,-1.36,-1.36,-0.66,-0.89,-0.63,-1,47.85,0.18,0.08
0,0.53,-0.58,-1.16,-1.16,-3.36,0.39,0.86,1,47.85,0.39,0.08
0,0.43,-0.48,-0.97,-0.97,-4.66,1.3,1.81,3,48,0.43,0.08
0,0.36,-0.39,-0.78,-0.78,-4.4,1.58,1.96,3,48,0.3,0.09
0,0.35,-0.34,-0.68,-0.68,-2.63,1.21,1.39,2,48,0.08,0.1
0,0.43,-0.38,-0.76,-0.76,0.56,0.16,0.06,0,48.15,-0.2,0.1
0,0.55,-0.49,-0.97,-0.97,4,-1.33,-1.68,-3,48.15,-0.45,0.09
0,0.66,-0.6,-1.2,-1.2,6.16,-2.61,-3.06,-6,48.3,-0.54,0.09
0,0.73,-0.68,-1.37,-1.37,6.42,-3.15,-3.51,-7,48.45,-0.43,0.07
0,0.75,-0.74,-1.47,-1.47,5.01,-2.95,-3.09,-6,48.75,-0.2,0.06
0,0.71,-0.72,-1.45,-1.45,2.12,-2.07,-1.92,-3,48.9,0.09,0.05
0,0.64,-0.67,-1.33,-1.33,-1.44,-0.67,-0.24,0,48.9,0.37,0.05
0,0.56,-0.59,-1.18,-1.18,-4.15,0.72,1.3,2,48.9,0.53,0.05
0,0.47,-0.51,-1.01,-1.01,-5,1.52,2.06,4,48.9,0.49,0.05
0,0.46,-0.44,-0.89,-0.89,-4.05,1.54,1.88,3,49.2,0.28,0.06
0,0.52,-0.47,-0.95,-0.95,-1.41,0.79,0.85,1,49.2,-0.01,0.06
0,0.58,-0.55,-1.09,-1.09,2.21,-0.59,-0.84,-1,49.65,-0.32,0.06
0,0.68,-0.62,-1.24,-1.24,5,-2.03,-2.48,-4,49.8,-0.51,0.06
0,0.81,-0.74,-1.48,-1.48,5.74,-2.84,-3.27,-6,50.25,-0.47,0.05
0,0.91,-0.87,-1.74,-1.74,4.76,-2.86,-3.09,-6,50.4,-0.26,0.03
0,0.9,-0.92,-1.84,-1.84,2.6,-2.26,-2.24,-4,50.4,0,0.03
0,0.8,-0.86,-1.71,-1.71,-0.36,-1.16,-0.89,-1,50.4,0.25,0.02
0,0.69,-0.74,-1.48,-1.48,-3.2,0.16,0.61,1,50.4,0.44,0.02
0,0.58,-0.64,-1.28,-1.28,-4.79,1.17,1.66,3,50.55,0.47,0.02
0,0.47,-0.53,-1.06,-1.06,-4.7,1.56,1.94,3,50.55,0.35,0.03
0,0.51,-0.48,-0.96,-0.96,-2.69,1.19,1.34,2,50.55,0.11,0.03
0,0.64,-0.58,-1.17,-1.17,0.98,-0.07,-0.25,0,50.85,-0.22,0.03
0,0.72,-0.69,-1.38,-1.38,4.75,-1.75,-2.23,-4,50.85,-0.5,0.03
0,0.87,-0.79,-1.58,-1.58,6.54,-3.02,-3.58,-7,51,-0.57,0.02
0,0.99,-0.95,-1.89,-1.89,5.94,-3.35,-3.73,-7,51.15,-0.39,0.01
0,0.98,-1,-2.01,-2.01,3.85,-2.82,-2.92,-5,51.3,-0.09,-0.01
0,0.91,-0.93,-1.86,-1.86,0.71,-1.69,-1.5,-3,51.45,0.2,-0.01
0,0.85,-0.87,-1.74,-1.74,-2.25,-0.34,0.07,0,51.45,0.42,-0.02
0,0.8,-0.82,-1.64,-1.64,-3.66,0.61,1.06,2,51.6,0.46,-0.02
0,0.67,-0.75,-1.5,-1.5,-3.82,0.94,1.26,2,51.9,0.34,-0.01
0,0.62,-0.61,-1.23,-1.23,-3.24,0.97,1.14,2,52.2,0.18,-0.01
0,0.7,-0.64,-1.29,-1.29,-1.27,0.48,0.47,0,52.35,0,-0.01
0,0.82,-0.76,-1.51,-1.51,2.32,-0.76,-1.05,-2,52.5,-0.28,-0.01
0,0.94,-0.88,-1.77,-1.77,5.49,-2.36,-2.89,-5,52.65,-0.52,-0.02
0,1.07,-1.02,-2.04,-2.04,6.31,-3.3,-3.82,-7,52.8,-0.49,-0.03
0,1.12,-1.1,-2.2,-2.2,5.19,-3.26,-3.57,-7,52.65,-0.27,-0.04
0,1.12,-1.13,-2.26,-2.26,2.66,-2.54,-2.57,-5,52.8,0.02,-0.05
0,1.02,-1.08,-2.16,-2.16,-0.81,-1.26,-1.01,-2,52.8,0.3,-0.06
0,0.92,-0.98,-1.95,-1.95,-3.96,0.23,0.69,1,52.8,0.51,-0.06
0,0.82,-0.86,-1.72,-1.72,-5.16,1.26,1.72,3,52.8,0.52,-0.05
0,0.76,-0.78,-1.55,-1.55,-4.2,1.33,1.59,3,52.95,0.31,-0.05
0,0.74,-0.73,-1.46,-1.46,-2.28,0.74,0.72,1,52.95,0.03,-0.05
0,0.82,-0.77,-1.54,-1.54,0.21,-0.16,-0.39,0,52.95,-0.18,-0.05
0,0.95,-0.87,-1.74,-1.74,3.33,-1.4,-1.83,-3,52.95,-0.38,-0.05
0,1.05,-1.02,-2.03,-2.03,5.64,-2.7,-3.26,-6,52.95,-0.5,-0.06
0,1.15,-1.1,-2.2,-2.2,5.74,-3.27,-3.76,-7,52.95,-0.41,-0.07
0,1.18,-1.19,-2.39,-2.39,4.05,-2.98,-3.22,-6,52.95,-0.16,-0.08
0,1.12,-1.16,-2.32,-2.32,1.21,-2.03,-2,-3,52.95,0.12,-0.09
0,1.03,-1.08,-2.16,-2.16,-2.19,-0.67,-0.39,0,52.95,0.38,-0.1
0,0.92,-0.99,-1.98,-1.98,-4.72,0.68,1.11,2,53.1,0.52,-0.1
0,0.83,-0.87,-1.75,-1.75,-5.39,1.42,1.79,3,53.1,0.46,-0.09
0,0.78,-0.79,-1.57,-1.57,-4.37,1.4,1.57,3,53.1,0.25,-0.09
0,0.83,-0.78,-1.55,-1.55,-1.73,0.67,0.57,1,53.1,-0.03,-0.08
0,0.93,-0.87,-1.75,-1.75,1.9,-0.73,-1.14,-2,53.1,-0.33,-0.08
0,1.04,-0.99,-1.97,-1.97,4.57,-2.18,-2.78,-5,53.1,-0.51,-0.09
0,1.18,-1.1,-2.2,-2.2,5.56,-2.97,-3.54,-7,53.1,-0.47,-0.1
0,1.27,-1.25,-2.5,-2.5,5.62,-3.28,-3.71,-7,53.25,-0.32,-0.11
0,1.29,-1.29,-2.58,-2.58,4.25,-3.12,-3.39,-6,53.4,-0.14,-0.13
0,1.23,-1.26,-2.53,-2.53,0.55,-2.06,-2.04,-4,53.55,0.16,-0.14
0,1.12,-1.19,-2.37,-2.37,-3.36,-0.32,0.04,0,53.55,0.49,-0.14
0,1.02,-1.04,-2.09,-2.09,-5.24,1,1.43,2,53.55,0.57,-0.14
0,0.92,-0.96,-1.92,-1.92,-5.23,1.4,1.68,3,53.55,0.41,-0.13
0,0.88,-0.89,-1.77,-1.77,-3.85,1.18,1.23,2,53.7,0.18,-0.13
0,0.93,-0.88,-1.77,-1.77,-1.15,0.35,0.13,0,53.7,-0.09,-0.12
0,1.03,-1,-2,-2,2.07,-0.99,-1.46,-2,53.7,-0.35,-0.13
0,1.16,-1.07,-2.14,-2.14,4.52,-2.24,-2.86,-5,53.7,-0.49,-0.13
0,1.27,-1.24,-2.48,-2.48,5.61,-3.08,-3.68,-7,53.7,-0.45,-0.15
0,1.37,-1.32,-2.65,-2.65,5.33,-3.32,-3.79,-7,53.85,-0.31,-0.16
0,1.34,-1.37,-2.73,-2.73,3.2,-2.9,-3.15,-6,53.85,-0.07,-0.17
0,1.28,-1.29,-2.59,-2.59,-0.27,-1.64,-1.58,-3,53.85,0.24,-0.18
0,1.15,-1.22,-2.43,-2.43,-3.24,-0.22,0.06,0,54,0.46,-0.18
0,1.01,-1.07,-2.15,-2.15,-5.21,0.88,1.2,2,54,0.5,-0.18
0,0.95,-0.96,-1.92,-1.92,-6.08,1.57,1.84,3,54,0.44,-0.17
0,0.9,-0.9,-1.81,-1.81,-4.71,1.57,1.64,3,54.15,0.25,-0.17
0,0.99,-0.95,-1.9,-1.9,-1.19,0.5,0.23,0,54.15,-0.1,-0.16
0,1.1,-1.05,-2.11,-2.11,2.8,-1.19,-1.79,-3,54.15,-0.44,-0.17
0,1.24,-1.17,-2.33,-2.33,5.58,-2.7,-3.46,-6,54.3,-0.59,-0.18
0,1.36,-1.3,-2.6,-2.6,6.55,-3.56,-4.28,-8,54.3,-0.53,-0.19
0,1.43,-1.4,-2.8,-2.8,5.63,-3.65,-4.17,-8,54.3,-0.31,-0.2
0,1.39,-1.41,-2.82,-2.82,2.82,-2.91,-3.14,-6,54.3,-0.01,-0.22
0,1.3,-1.35,-2.7,-2.7,-1.28,-1.41,-1.29,-2,54.45,0.34,-0.22
0,1.18,-1.23,-2.47,-2.47,-4.53,0.27,0.62,1,54.6,0.57,-0.22
0,1.07,-1.13,-2.27,-2.27,-5.68,1.24,1.57,3,54.9,0.55,-0.22
0,0.96,-1.02,-2.04,-2.04,-5.13,1.42,1.54,3,55.2,0.34,-0.22
0,0.96,-0.95,-1.89,-1.89,-3.38,1.01,0.89,1,55.35,0.09,-0.21
0,1.06,-0.99,-1.98,-1.98,-0.45,0.02,-0.36,0,55.5,-0.17,-0.21
0,1.15,-1.1,-2.19,-2.19,2.99,-1.39,-2.02,-4,55.65,-0.41,-0.21
0,1.29,-1.23,-2.45,-2.45,5.62,-2.78,-3.55,-7,55.65,-0.55,-0.22
0,1.41,-1.36,-2.72,-2.72,6.37,-3.59,-4.31,-8,55.8,-0.49,-0.24
0,1.47,-1.47,-2.95,-2.95,5.33,-3.59,-4.11,-8,55.8,-0.27,-0.25
0,1.46,-1.48,-2.97,-2.97,2.95,-2.91,-3.16,-6,55.8,0.01,-0.26
0,1.33,-1.38,-2.77,-2.77,-0.44,-1.64,-1.63,-3,55.8,0.29,-0.27
0,1.25,-1.29,-2.59,-2.59,-3.61,-0.17,0.05,0,55.8,0.5,-0.27
0,1.13,-1.18,-2.37,-2.37,-5.37,0.94,1.2,2,55.95,0.53,-0.27
0,1.01,-1.05,-2.11,-2.11,-5.24,1.37,1.5,2,55.95,0.39,-0.27
0,1.02,-0.99,-1.99,-1.99,-3.37,1.01,0.88,1,55.95,0.13,-0.26
0,1.08,-1.05,-2.09,-2.09,-0.18,-0.07,-0.5,-1,55.95,-0.17,-0.26
0,1.2,-1.14,-2.29,-2.29,3.47,-1.59,-2.29,-4,56.1,-0.44,-0.27
0,1.32,-1.26,-2.53,-2.53,5.77,-2.97,-3.81,-7,56.1,-0.56,-0.28
0,1.47,-1.39,-2.79,-2.79,6.17,-3.57,-4.31,-8,56.1,-0.45,-0.29
0,1.52,-1.5,-2.99,-2.99,5.4,-3.58,-4.13,-8,56.25,-0.25,-0.3
0,1.46,-1.49,-2.99,-2.99,2.97,-2.96,-3.28,-6,56.4,0,-0.32
0,1.37,-1.42,-2.85,-2.85,-0.86,-1.59,-1.6,-3,56.55,0.31,-0.32
0,1.27,-1.34,-2.68,-2.68,-3.99,-0.02,0.2,0,57.75,0.54,-0.33
0,1.16,-1.22,-2.45,-2.45,-5.36,0.97,1.17,2,58.05,0.53,-0.32
0,1.04,-1.09,-2.18,-2.18,-5.47,1.35,1.4,2,58.35,0.38,-0.32
0,1.02,-1,-2.01,-2.01,-4.31,1.24,1.11,2,58.35,0.18,-0.31
0,1.04,-1.02,-2.05,-2.05,-1.13,0.35,-0.06,0,58.35,-0.1,-0.31
0,1.12,-1.07,-2.14,-2.14,2.51,-1.16,-1.89,-3,58.35,-0.41,-0.31
0,1.25,-1.18,-2.37,-2.37,5.14,-2.54,-3.4,-6,58.35,-0.54,-0.32
0,1.37,-1.32,-2.65,-2.65,6.35,-3.44,-4.28,-8,58.35,-0.51,-0.33
0,1.43,-1.42,-2.84,-2.84,5.92,-3.68,-4.36,-8,58.35,-0.34,-0.35
0,1.43,-1.44,-2.88,-2.88,3.68,-3.16,-3.6,-7,58.35,-0.07,-0.36
0,1.38,-1.39,-2.79,-2.79,0.06,-1.92,-2.04,-4,58.35,0.24,-0.37
0,1.27,-1.34,-2.67,-2.67,-3.56,-0.31,-0.17,0,58.35,0.51,-0.37
0,1.15,-1.22,-2.44,-2.44,-5.43,0.93,1.12,2,58.35,0.57,-0.37
0,1.02,-1.07,-2.14,-2.14,-5.83,1.43,1.49,2,58.35,0.43,-0.37
0,1,-0.99,-1.98,-1.98,-4.96,1.46,1.34,2,58.35,0.24,-0.36
0,1.02,-1,-2,-2,-1.97,0.68,0.28,0,58.35,-0.04,-0.36
0,1.1,-1.06,-2.12,-2.12,1.69,-0.8,-1.52,-3,58.35,-0.36,-0.36
0,1.22,-1.15,-2.3,-2.3,4.77,-2.27,-3.18,-6,58.35,-0.54,-0.37
0,1.36,-1.28,-2.57,-2.57,6.46,-3.36,-4.29,-8,58.35,-0.55,-0.38
0,1.47,-1.42,-2.84,-2.84,6.45,-3.8,-4.6,-9,58.35,-0.4,-0.39
0,1.48,-1.49,-2.97,-2.97,4.55,-3.48,-4.04,-8,58.35,-0.15,-0.41
0,1.44,-1.46,-2.92,-2.92,1.05,-2.34,-2.58,-5,58.35,0.18,-0.42
0,1.33,-1.4,-2.79,-2.79,-2.41,-0.8,-0.77,-1,58.35,0.46,-0.42
0,1.17,-1.26,-2.51,-2.51,-4.79,0.49,0.61,1,58.35,0.54,-0.42
0,1.04,-1.11,-2.22,-2.22,-6.31,1.4,1.49,2,58.35,0.51,-0.42
0,0.99,-0.99,-1.98,-1.98,-5.84,1.76,1.71,3,58.35,0.36,-0.41
0,1.04,-0.99,-1.99,-1.99,-2.92,1.07,0.71,1,58.35,0.05,-0.41
0,1.07,-1.06,-2.13,-2.13,1.11,-0.49,-1.23,-2,58.35,-0.33,-0.41
0,1.22,-1.15,-2.3,-2.3,4.52,-2.08,-3.04,-6,58.35,-0.55,-0.41
0,1.43,-1.34,-2.68,-2.68,7.06,-3.45,-4.49,-8,58.35,-0.61,-0.43
0,1.52,-1.47,-2.93,-2.93,7.7,-4.24,-5.2,-10,58.35,-0.52,-0.44
0,1.57,-1.54,-3.07,-3.07,6.36,-4.13,-4.86,-9,58.2,-0.27,-0.46
0,1.59,-1.59,-3.18,-3.18,3.29,-3.26,-3.67,-7,58.35,0.06,-0.47
0,1.53,-1.58,-3.16,-3.16,-0.34,-1.86,-1.98,-3,58.35,0.36,-0.48
0,1.38,-1.46,-2.92,-2.92,-3.9,-0.32,-0.24,0,58.2,0.56,-0.48
0,1.23,-1.31,-2.61,-2.61,-6.65,1.15,1.31,2,58.2,0.65,-0.48
0,1.13,-1.17,-2.33,-2.33,-7.19,1.96,2.03,4,58.35,0.55,-0.47
0,1.07,-1.07,-2.14,-2.14,-5.33,1.73,1.51,3,58.35,0.25,-0.47
0,1.1,-1.08,-2.16,-2.16,-2.05,0.68,0.11,0,58.2,-0.1,-0.46
0,1.18,-1.16,-2.32,-2.32,1.98,-0.91,-1.8,-3,58.2,-0.42,-0.47
0,1.33,-1.26,-2.53,-2.53,5.24,-2.51,-3.59,-7,58.2,-0.6,-0.47
0,1.51,-1.41,-2.83,-2.83,7.31,-3.72,-4.82,-9,58.2,-0.61,-0.49
0,1.62,-1.55,-3.1,-3.1,7.5,-4.32,-5.3,-10,58.35,-0.48,-0.5
0,1.66,-1.65,-3.31,-3.31,5.73,-4.04,-4.76,-9,58.35,-0.2,-0.52
0,1.64,-1.67,-3.34,-3.34,2.4,-3.03,-3.44,-6,58.2,0.13,-0.53
0,1.56,-1.62,-3.25,-3.25,-1.68,-1.44,-1.54,-3,58.2,0.44,-0.54
0,1.4,-1.45,-2.9,-2.9,-4.9,0.24,0.32,0,58.2,0.62,-0.54
0,1.2,-1.31,-2.61,-2.61,-6.4,1.29,1.34,2,58.35,0.59,-0.54
0,1.11,-1.13,-2.25,-2.25,-6.74,1.79,1.69,3,58.35,0.43,-0.53
0,1.07,-1.07,-2.14,-2.14,-4.9,1.61,1.29,2,58.35,0.2,-0.52
0,1.1,-1.09,-2.18,-2.18,-1.13,0.38,-0.31,0,58.35,-0.17,-0.52
0,1.23,-1.17,-2.33,-2.33,2.8,-1.28,-2.28,-4,58.2,-0.48,-0.52
0,1.4,-1.31,-2.62,-2.62,6.18,-2.91,-4.08,-8,58.35,-0.64,-0.53
0,1.54,-1.47,-2.93,-2.93,7.91,-4.09,-5.26,-10,58.2,-0.62,-0.55
0,1.65,-1.61,-3.22,-3.22,7.92,-4.54,-5.56,-11,58.2,-0.45,-0.57
0,1.71,-1.69,-3.38,-3.38,5.93,-4.22,-4.98,-9,58.35,-0.17,-0.59
0,1.72,-1.73,-3.45,-3.45,2.46,-3.11,-3.54,-7,58.2,0.17,-0.6
0,1.67,-1.69,-3.38,-3.38,-1.14,-1.6,-1.75,-3,58.35,0.45,-0.61
0,1.5,-1.58,-3.15,-3.15,-4.38,-0.14,-0.17,0,58.2,0.59,-0.61
0,1.35,-1.42,-2.85,-2.85,-6.86,1.18,1.2,2,58.2,0.63,-0.61
0,1.25,-1.29,-2.57,-2.57,-7.09,1.91,1.83,3,58.2,0.52,-0.6
0,1.21,-1.22,-2.45,-2.45,-4.55,1.45,1.04,2,58.2,0.18,-0.59
0,1.29,-1.24,-2.48,-2.48,-0.94,0.13,-0.66,-1,58.35,-0.2,-0.59
0,1.41,-1.32,-2.65,-2.65,3.22,-1.51,-2.59,-5,58.2,-0.49,-0.59
0,1.57,-1.47,-2.95,-2.95,6.72,-3.24,-4.51,-9,58.2,-0.67,-0.61
0,1.71,-1.65,-3.3,-3.3,8.75,-4.48,-5.75,-11,58.35,-0.65,-0.62
0,1.87,-1.8,-3.6,-3.6,9,-5.1,-6.25,-12,58.2,-0.51,-0.64
0,1.97,-1.93,-3.87,-3.87,7.28,-4.89,-5.77,-11,58.2,-0.22,-0.66
0,1.98,-1.96,-3.93,-3.93,4.21,-3.92,-4.5,-8,58.2,0.1,-0.68
0,1.9,-1.95,-3.89,-3.89,0.32,-2.48,-2.77,-5,58.2,0.4,-0.69
0,1.77,-1.83,-3.66,-3.66,-3.74,-0.77,-0.85,-1,58.2,0.62,-0.7
0,1.62,-1.71,-3.42,-3.42,-6.62,0.8,0.82,1,58.35,0.71,-0.69
0,1.5,-1.57,-3.13,-3.13,-7.19,1.64,1.54,3,58.35,0.59,-0.69
0,1.45,-1.46,-2.93,-2.93,-5.51,1.46,1.06,2,58.2,0.29,-0.68
0,1.51,-1.47,-2.93,-2.93,-2.31,0.45,-0.29,0,58.35,-0.07,-0.68
0,1.6,-1.55,-3.11,-3.11,1.85,-1.13,-2.21,-4,58.2,-0.4,-0.68
0,1.74,-1.68,-3.35,-3.35,5.72,-2.9,-4.22,-8,58.35,-0.63,-0.69
0,1.95,-1.85,-3.71,-3.71,8.1,-4.34,-5.72,-11,58.35,-0.68,-0.71
0,2.12,-2.05,-4.1,-4.1,8.68,-5.09,-6.36,-12,58.35,-0.54,-0.73
0,2.2,-2.16,-4.32,-4.32,7.37,-5.04,-6.07,-12,58.2,-0.28,-0.75
0,2.24,-2.22,-4.45,-4.45,4.58,-4.21,-4.94,-9,58.35,0.04,-0.76
0,2.15,-2.19,-4.38,-4.38,0.64,-2.87,-3.31,-6,58.2,0.33,-0.78
0,2.03,-2.1,-4.2,-4.2,-3.8,-1.02,-1.19,-2,58.2,0.62,-0.78
0,1.85,-1.95,-3.89,-3.89,-6.68,0.67,0.62,1,58.2,0.73,-0.78
0,1.76,-1.81,-3.62,-3.62,-7.11,1.42,1.22,2,58.35,0.58,-0.78
0,1.69,-1.69,-3.38,-3.38,-5.77,1.29,0.81,1,58.2,0.29,-0.77
0,1.7,-1.69,-3.37,-3.37,-2.91,0.48,-0.31,0,58.2,-0.02,-0.77
0,1.8,-1.76,-3.51,-3.51,1.34,-1.05,-2.18,-4,58.2,-0.36,-0.77
0,1.97,-1.88,-3.75,-3.75,5.36,-2.9,-4.31,-8,58.35,-0.63,-0.78
0,2.15,-2.06,-4.12,-4.12,7.96,-4.39,-5.88,-11,58.2,-0.69,-0.8
0,2.28,-2.22,-4.44,-4.44,8.88,-5.23,-6.63,-13,58.2,-0.57,-0.82
0,2.43,-2.36,-4.72,-4.72,7.75,-5.3,-6.47,-12,58.35,-0.33,-0.84
0,2.45,-2.45,-4.89,-4.89,4.92,-4.58,-5.45,-10,58.35,-0.01,-0.86
0,2.43,-2.43,-4.87,-4.87,0.79,-3.13,-3.67,-7,58.35,0.34,-0.87
0,2.29,-2.37,-4.73,-4.73,-3.58,-1.29,-1.55,-3,58.2,0.62,-0.88
0,2.14,-2.21,-4.43,-4.43,-6.43,0.33,0.17,0,58.35,0.72,-0.88
0,1.96,-2.04,-4.08,-4.08,-7.23,1.18,0.9,1,58.2,0.59,-0.88
0,1.86,-1.91,-3.82,-3.82,-6.44,1.29,0.77,1,58.35,0.35,-0.87
0,1.87,-1.85,-3.71,-3.71,-3.96,0.69,-0.12,0,58.2,0.05,-0.87
0,1.95,-1.89,-3.78,-3.78,0.1,-0.7,-1.87,-3,58.35,-0.29,-0.87
0,2.08,-1.98,-3.96,-3.96,4.13,-2.46,-3.91,-7,58.2,-0.57,-0.88
0,2.23,-2.15,-4.31,-4.31,7.35,-4.08,-5.65,-11,58.2,-0.68,-0.89
0,2.39,-2.32,-4.63,-4.63,8.7,-5.17,-6.71,-13,58.2,-0.63,-0.91
0,2.54,-2.47,-4.93,-4.93,8,-5.42,-6.75,-13,58.2,-0.4,-0.93
0,2.57,-2.55,-5.09,-5.09,5.33,-4.79,-5.82,-11,58.2,-0.07,-0.95
0,2.51,-2.55,-5.1,-5.1,1.56,-3.45,-4.14,-8,58.2,0.27,-0.97
0,2.37,-2.45,-4.9,-4.9,-2.73,-1.73,-2.16,-4,58.35,0.55,-0.98
0,2.21,-2.29,-4.58,-4.58,-6.45,0.06,-0.2,0,58.35,0.72,-0.98
0,2.02,-2.12,-4.24,-4.24,-8.4,1.39,1.12,2,58.2,0.71,-0.97
0,1.91,-1.98,-3.95,-3.95,-8.1,1.83,1.35,2,58.35,0.49,-0.97
0,1.87,-1.88,-3.76,-3.76,-6.1,1.39,0.6,1,58.2,0.17,-0.96
0,1.87,-1.87,-3.74,-3.74,-3,0.39,-0.71,-1,58.2,-0.14,-0.96
0,1.92,-1.88,-3.77,-3.77,1.04,-1.11,-2.51,-5,58.35,-0.44,-0.96
0,2.06,-2,-3.99,-3.99,4.48,-2.75,-4.34,-8,58.2,-0.62,-0.97
0,2.21,-2.16,-4.31,-4.31,6.92,-4.07,-5.7,-11,58.2,-0.65,-0.98
0,2.32,-2.27,-4.53,-4.53,7.43,-4.79,-6.33,-12,58.2,-0.53,-1
0,2.4,-2.36,-4.72,-4.72,6.02,-4.66,-5.95,-11,58.35,-0.27,-1.02
0,2.41,-2.42,-4.85,-4.85,3.13,-3.83,-4.82,-9,58.2,0.05,-1.04
0,2.36,-2.37,-4.74,-4.74,-0.88,-2.39,-3.08,-6,58.2,0.36,-1.05
0,2.2,-2.3,-4.59,-4.59,-4.78,-0.64,-1.08,-2,58.35,0.61,-1.05
0,2.09,-2.16,-4.32,-4.32,-6.92,0.72,0.32,0,58.2,0.65,-1.05
0,1.94,-2,-4.01,-4.01,-7.25,1.3,0.75,1,58.35,0.5,-1.05
0,1.86,-1.89,-3.79,-3.79,-6.34,1.27,0.49,0,58.2,0.26,-1.04
0,1.85,-1.83,-3.67,-3.67,-3.77,0.65,-0.39,0,58.35,0,-1.04
0,1.92,-1.87,-3.75,-3.75,0.1,-0.75,-2.11,-4,58.35,-0.33,-1.04
0,2.03,-1.97,-3.95,-3.95,3.75,-2.38,-3.98,-7,58.2,-0.56,-1.05
0,2.18,-2.12,-4.24,-4.24,6.49,-3.81,-5.51,-11,58.2,-0.64,-1.06
0,2.33,-2.27,-4.54,-4.54,7.43,-4.7,-6.33,-12,58.2,-0.56,-1.08
0,2.42,-2.39,-4.78,-4.78,6.52,-4.81,-6.24,-12,58.2,-0.33,-1.1
0,2.43,-2.42,-4.84,-4.84,3.54,-4.04,-5.16,-10,58.2,-0.01,-1.12
0,2.34,-2.4,-4.79,-4.79,-0.55,-2.53,-3.31,-6,58.35,0.35,-1.13
0,2.2,-2.28,-4.57,-4.57,-4.31,-0.8,-1.34,-2,58.2,0.59,-1.13
0,2.02,-2.1,-4.21,-4.21,-6.73,0.59,0.1,0,58.2,0.64,-1.13
0,1.87,-1.95,-3.89,-3.89,-7.79,1.43,0.85,1,58.2,0.55,-1.13
0,1.8,-1.83,-3.65,-3.65,-7.13,1.61,0.84,1,58.35,0.34,-1.12
0,1.79,-1.78,-3.56,-3.56,-4.52,0.99,-0.07,0,58.2,0.05,-1.12
0,1.84,-1.81,-3.61,-3.61,-0.68,-0.37,-1.77,-3,58.2,-0.29,-1.12
0,1.94,-1.9,-3.8,-3.8,3.2,-2.05,-3.73,-7,58.2,-0.55,-1.12
0,2.09,-2.03,-4.05,-4.05,6.12,-3.54,-5.33,-10,58.35,-0.65,-1.14
0,2.24,-2.17,-4.33,-4.33,7.6,-4.57,-6.33,-12,58.35,-0.6,-1.15
0,2.34,-2.29,-4.58,-4.58,7.08,-4.86,-6.43,-12,58.2,-0.4,-1.17
0,2.37,-2.37,-4.74,-4.74,4.77,-4.35,-5.64,-11,58.35,-0.1,-1.19
0,2.33,-2.35,-4.71,-4.71,0.9,-3.07,-4.04,-8,58.2,0.24,-1.2
0,2.22,-2.28,-4.56,-4.56,-3.08,-1.35,-2.03,-4,58.2,0.53,-1.21
0,2.1,-2.17,-4.33,-4.33,-5.89,0.14,-0.42,0,58.35,0.65,-1.21
0,1.93,-2.02,-4.04,-4.04,-7.27,1.07,0.43,0,58.2,0.57,-1.21
0,1.83,-1.88,-3.75,-3.75,-7.54,1.53,0.75,1,58.2,0.42,-1.2
0,1.78,-1.8,-3.59,-3.59,-5.89,1.38,0.38,0,58.2,0.2,-1.2
0,1.79,-1.79,-3.57,-3.57,-2.36,0.26,-1.09,-2,58.2,-0.15,-1.19
0,1.89,-1.83,-3.65,-3.65,1.44,-1.27,-2.91,-5,58.35,-0.44,-1.2
0,2.02,-1.95,-3.91,-3.91,5.03,-2.91,-4.74,-9,58.2,-0.62,-1.21
0,2.16,-2.1,-4.19,-4.19,7.09,-4.18,-6.04,-12,58.2,-0.64,-1.22
0,2.31,-2.24,-4.47,-4.47,7.48,-4.79,-6.53,-13,58.2,-0.5,-1.24
0,2.36,-2.34,-4.68,-4.68,5.83,-4.65,-6.14,-12,58.2,-0.24,-1.26
0,2.35,-2.36,-4.71,-4.71,2.31,-3.59,-4.75,-9,58.35,0.11,-1.28
0,2.24,-2.3,-4.6,-4.6,-1.75,-1.91,-2.75,-5,58.2,0.45,-1.29
0,2.12,-2.2,-4.41,-4.41,-4.69,-0.42,-1.11,-2,58.2,0.6,-1.29
0,1.94,-2.02,-4.05,-4.05,-6.61,0.67,-0.04,0,58.35,0.58,-1.29
0,1.82,-1.9,-3.79,-3.79,-7.95,1.46,0.68,1,58.2,0.51,-1.28
0,1.76,-1.77,-3.54,-3.54,-7.05,1.73,0.79,1,58.2,0.34,-1.28
0,1.74,-1.75,-3.5,-3.5,-3.52,0.8,-0.5,-1,58.2,-0.03,-1.27
0,1.79,-1.76,-3.53,-3.53,0.51,-0.82,-2.49,-4,58.2,-0.4,-1.27
0,1.94,-1.86,-3.72,-3.72,4.21,-2.44,-4.32,-8,58.35,-0.6,-1.28
0,2.09,-2.03,-4.05,-4.05,6.92,-3.93,-5.9,-11,58.2,-0.67,-1.3
0,2.25,-2.15,-4.3,-4.3,7.76,-4.74,-6.62,-13,58.2,-0.56,-1.31
0,2.34,-2.3,-4.6,-4.6,7.11,-4.9,-6.58,-13,58.35,-0.34,-1.33
-0.06,2.37,-2.42,-4.83,-4.83,4.25,-4.32,-5.71,-11,58.2,-0.04,-1.35
-0.06,2.34,-2.42,-4.84,-4.84,0,-2.81,-3.84,-7,58.35,0.33,-1.36
-0.06,2.21,-2.34,-4.68,-4.68,-3.55,-1.1,-1.88,-3,58.2,0.58,-1.37
-0.06,2.06,-2.22,-4.43,-4.43,-6.01,0.19,-0.56,-1,58.2,0.62,-1.37
-0.06,1.92,-2.05,-4.1,-4.1,-7.81,1.16,0.36,0,58.35,0.57,-1.37
-0.06,1.83,-1.93,-3.85,-3.85,-7.99,1.73,0.82,1,58.2,0.45,-1.36
-0.12,1.77,-1.85,-3.7,-3.7,-5.7,1.37,0.18,0,58.35,0.16,-1.35
-0.18,1.79,-1.94,-3.89,-3.89,-2.1,0.03,-1.52,-3,58.2,-0.2,-1.35
-1.8,1.9,-3.34,-6.68,-6.68,1.9,-2.63,-4.47,-8,58.2,-0.49,-1.36
-2.22,2.05,-4.2,-8.41,-8.41,5.33,-4.86,-6.88,-13,58.2,-0.65,-1.37
-4.56,2.2,-6.04,-12.08,-12.08,7.44,-7.46,-9.52,-19,58.2,-0.65,-1.4
-5.88,2.33,-6.83,-13.66,-13.66,7.45,-8.55,-10.48,-20,58.2,-0.49,-1.43
-6.36,2.37,-8.7,-17.4,-17.4,5.45,-9.65,-11.31,-22,58.2,-0.2,-1.47
-7.92,2.32,-9.9,-19.81,-19.81,1.32,-9.37,-10.69,-21,58.35,0.18,-1.51
-8.28,2.17,-10.54,-21.08,-21.08,-3.91,-7.93,-8.89,-17,58.2,0.57,-1.54
-10.14,1.94,-11.84,-23.68,-23.68,-8.78,-6.89,-7.64,-15,58.2,0.82,-1.56
-11.64,1.66,-11.94,-23.89,-23.89,-12.48,-5.23,-5.92,-11,58.2,0.9,-1.59
-12,1.35,-13.51,-27.03,-27.03,-14.89,-5.27,-6.06,-12,58.2,0.82,-1.61
-12.84,0.95,-13.18,-26.36,-26.36,-16.25,-4.29,-5.26,-10,58.2,0.66,-1.63
-13.02,0.44,-13.69,-27.37,-27.37,-17.85,-4.17,-5.29,-10,58.2,0.52,-1.64
-12.9,0.03,-13.18,-26.37,-26.37,-20.64,-2.9,-4.04,-8,58.2,0.52,-1.66
-12.18,-0.46,-12.71,-25.43,-25.43,-23.22,-1.33,-2.41,-4,58.2,0.59,-1.66
-11.7,-0.92,-10.98,-21.96,-21.96,-23.89,0.76,-0.39,0,58.35,0.51,-1.66
-8.64,-1.43,-10.53,-21.07,-21.07,-23.04,0.96,-0.44,0,58.2,0.26,-1.66
-6.24,-1.92,-4.52,-9.03,-13.07,-23.49,3.97,2.44,4,58.2,0.12,-1.65
-1.56,-2.44,2.05,4.1,-5.07,-24.82,7.69,6.26,12,58.2,0.2,-1.63
0,-2.83,1.03,2.06,2.06,-23.74,10.66,9.21,18,58.2,0.14,-1.59
0,-3.25,2.99,5.99,5.99,-22.06,11.52,9.89,19,58.2,-0.09,-1.54
0,-3.59,3.47,6.93,6.93,-19.93,11.26,9.55,19,58.2,-0.2,-1.5
0,-3.83,3.73,7.45,7.45,-16.04,10.24,8.36,16,58.35,-0.41,-1.46
0,-3.87,3.85,7.7,7.7,-10.73,8.53,6.43,12,58.2,-0.68,-1.42
0,-3.81,3.86,7.72,7.72,-4.15,6.11,3.73,7,58.2,-0.98,-1.39
0,-3.62,3.74,7.47,7.47,3.14,3.18,0.55,1,58.2,-1.25,-1.38
0,-3.34,3.46,6.91,6.91,9.06,0.22,-2.54,-5,58.2,-1.39,-1.38
0,-3.09,3.22,6.44,6.44,12.43,-1.87,-4.52,-9,58.2,-1.27,-1.38
0,-2.81,2.93,5.87,5.87,13.06,-2.87,-5.19,-10,58.2,-0.93,-1.39
0,-2.65,2.71,5.42,5.42,11.92,-2.89,-4.81,-9,58.35,-0.52,-1.4
0,-2.58,2.61,5.21,5.21,8.69,-2.18,-3.71,-7,58.2,-0.12,-1.41
0,-2.6,2.58,5.15,5.15,3.37,-0.4,-1.46,-2,58.2,0.36,-1.42
0,-2.74,2.67,5.34,5.34,-2.25,1.92,1.25,2,58.35,0.74,-1.41
0,-2.99,2.87,5.73,5.73,-7.56,4.28,3.85,7,58.2,0.96,-1.4
0,-3.29,3.14,6.29,6.29,-12.04,6.49,6.16,12,58.2,1.04,-1.37
0,-3.57,3.43,6.87,6.87,-14.33,8.17,7.78,15,58.2,0.95,-1.34
0,-3.82,3.71,7.42,7.42,-14.35,8.77,8.12,16,58.35,0.65,-1.31
0,-4.05,3.94,7.88,7.88,-12.76,8.69,7.74,15,58.2,0.33,-1.27
0,-4.19,4.14,8.28,8.28,-9.28,7.77,6.46,12,58.2,-0.06,-1.24
0,-4.23,4.22,8.45,8.45,-5.17,6.3,4.69,9,58.35,-0.4,-1.21
0,-4.17,4.22,8.43,8.43,-0.45,4.52,2.67,5,58.35,-0.66,-1.19
0,-4.04,4.1,8.21,8.21,4.59,2.45,0.41,0,58.2,-0.86,-1.18
0,-3.87,3.95,7.9,7.9,8.44,0.45,-1.68,-3,58.2,-0.95,-1.18
0,-3.73,3.79,7.58,7.58,9.65,-0.74,-2.74,-5,58.2,-0.81,-1.18
0,-3.62,3.68,7.35,7.35,8.2,-0.73,-2.36,-4,58.2,-0.45,-1.18
0,-3.58,3.58,7.16,7.16,5.5,0.09,-1.15,-2,58.35,-0.06,-1.18
0,-3.63,3.6,7.2,7.2,1.85,1.33,0.41,0,58.2,0.25,-1.18
0,-3.73,3.69,7.37,7.37,-2.47,3.1,2.49,4,58.2,0.55,-1.17
0,-3.93,3.83,7.65,7.65,-5.69,4.74,4.27,8,58.35,0.68,-1.15
0,-4.16,4.03,8.07,8.07,-8.35,6.08,5.64,11,58.2,0.69,-1.13
0,-4.33,4.23,8.46,8.46,-9.18,7.01,6.49,12,58.2,0.59,-1.1
0,-4.42,4.37,8.74,8.74,-8.21,7.04,6.3,12,58.2,0.33,-1.07
0,-4.48,4.46,8.93,8.93,-5.76,6.43,5.42,10,58.35,0.03,-1.05
0,-4.49,4.48,8.96,8.96,-2.43,5.26,3.97,7,58.2,-0.26,-1.02
0,-4.37,4.44,8.88,8.88,1.71,3.73,2.21,4,58.35,-0.51,-1.01
0,-4.23,4.27,8.54,8.54,5.6,1.9,0.2,0,58.2,-0.7,-1
0,-4.07,4.17,8.35,8.35,7.41,0.59,-1.11,-2,58.2,-0.7,-0.99
0,-3.92,3.97,7.93,7.93,7.26,0.19,-1.28,-2,58.2,-0.47,-0.99
0,-3.8,3.87,7.74,7.74,5.88,0.4,-0.81,-1,58.2,-0.21,-0.99
0,-3.83,3.83,7.65,7.65,2.88,1.21,0.3,0,58.35,0.08,-0.99
0.06,-3.95,3.94,7.88,7.88,-1.22,2.82,2.25,4,58.2,0.4,-0.98
0.48,-4.12,4.13,8.26,8.26,-4.46,4.5,4.14,8,58.2,0.6,-0.96
0.84,-4.28,5.03,10.06,10.06,-6.84,6.33,6,12,58.35,0.62,-0.94
3.78,-4.39,7.24,14.47,14.23,-7.67,8.7,8.31,16,58.2,0.53,-0.91
4.5,-4.52,9,18,18,-6.98,10.17,9.6,19,58.35,0.3,-0.87
7.44,-4.57,11.2,22.4,22.04,-4.84,11.3,10.53,21,58.35,0.06,-0.83
9.72,-4.49,11.98,23.96,23.96,-1.05,10.81,9.76,19,58.2,-0.26,-0.79
10.62,-4.36,15.06,30.11,30.11,2.53,11.7,10.43,20,58.2,-0.52,-0.74
13.5,-4.23,17.03,34.06,33.97,5.43,11.98,10.68,21,58.35,-0.61,-0.7
13.98,-3.95,18.08,36.16,36.16,8.26,11.75,10.48,20,58.2,-0.62,-0.65
16.08,-3.6,19.33,38.66,38.66,11.85,11.46,10.18,20,58.2,-0.68,-0.61
17.04,-3.16,19.46,38.93,38.93,15.91,10.06,8.73,17,58.35,-0.76,-0.57
17.4,-2.67,20.33,40.66,40.66,20.27,9.03,7.64,15,58.35,-0.86,-0.53
17.94,-2.2,20.32,40.64,40.64,25.17,7.19,5.75,11,58.2,-0.95,-0.5
18,-1.65,19.93,39.86,39.86,29.79,4.92,3.42,6,58.35,-1.03,-0.48
17.4,-0.92,18.94,37.89,37.89,33.58,2.42,0.94,1,58.35,-1.01,-0.46
15.96,-0.12,17.91,35.82,35.82,35.99,0.35,-1,-1,58.35,-0.89,-0.46
15.18,0.69,14.93,29.85,29.85,37.02,-2.73,-3.89,-7,58.2,-0.69,-0.47
11.7,1.59,11.74,23.47,24.98,38.57,-5.02,-6,-11,58.35,-0.5,-0.48
9.6,2.45,7.56,15.11,16.98,41.36,-9.21,-10.26,-20,58.35,-0.54,-0.51
0,3.28,-2.8,-5.61,10.3,42.57,-12.77,-13.85,-27,58.35,-0.52,-0.55
0,4.06,-3.67,-7.34,2.3,41.92,-16.08,-17.02,-34,58.2,-0.33,-0.61
-0.06,4.8,-4.41,-8.83,-5.7,39.03,-18.59,-19.31,-38,58.35,-0.03,-0.68
-0.06,5.32,-5.12,-10.25,-10.25,34.92,-18.91,-19.33,-38,58.2,0.33,-0.76
-0.06,5.7,-5.59,-11.19,-11.19,29.22,-17.43,-17.61,-35,58.35,0.64,-0.83
-0.06,5.94,-5.91,-11.82,-11.82,20.99,-14.9,-14.75,-29,58.35,1.04,-0.89
-0.06,5.91,-6.03,-12.05,-12.05,10.24,-11.17,-10.58,-21,58.35,1.53,-0.94
-0.06,5.7,-5.89,-11.77,-11.77,-1.2,-6.48,-5.46,-10,58.35,1.99,-0.97
-0.06,5.3,-5.57,-11.14,-11.14,-11.15,-1.89,-0.66,-1,58.2,2.21,-0.98
-0.06,4.8,-5.09,-10.18,-10.18,-19.03,2.08,3.26,6,58.35,2.16,-0.98
-0.06,4.24,-4.58,-9.15,-9.15,-24.16,5.14,6.08,12,58.35,1.9,-0.96
-0.06,3.64,-4,-8,-8,-26.43,7.04,7.57,15,58.2,1.47,-0.93
-0.06,3.14,-3.41,-6.82,-6.82,-26.98,8.01,8.1,16,58.2,0.99,-0.9
-0.06,2.72,-2.97,-5.93,-5.93,-25.51,8.29,7.99,15,58.2,0.57,-0.87
-0.06,2.46,-2.62,-5.24,-5.24,-20.22,7.23,6.41,12,58.2,0.02,-0.84
-0.06,2.41,-2.47,-4.94,-4.94,-12.31,4.63,3.17,6,58.35,-0.63,-0.82
-0.06,2.48,-2.47,-4.94,-4.94,-2.86,1.09,-0.94,-1,58.2,-1.21,-0.81
-0.06,2.81,-2.69,-5.37,-5.37,6.12,-2.86,-5.29,-10,58.2,-1.61,-0.82
-0.06,3.16,-3.04,-6.08,-6.08,13.06,-6.4,-8.97,-17,58.2,-1.72,-0.84
-0.06,3.68,-3.46,-6.93,-6.93,18.13,-9.06,-11.51,-23,58.2,-1.57,-0.87
-0.06,4.09,-3.94,-7.87,-7.87,21.99,-11.28,-13.57,-27,58.2,-1.37,-0.92
-0.06,4.52,-4.34,-8.68,-8.68,22.42,-12.54,-14.53,-29,58.2,-1.03,-0.96
-0.06,4.85,-4.76,-9.52,-9.52,20.19,-12.44,-13.97,-27,58.2,-0.51,-1.01
-0.06,5.05,-5.05,-10.1,-10.1,15.52,-11.3,-12.34,-24,58.2,0.02,-1.06
-0.06,5.07,-5.15,-10.3,-10.3,8.62,-9.04,-9.57,-19,58.2,0.57,-1.1
-0.06,4.97,-5.09,-10.17,-10.17,0.47,-5.91,-5.97,-11,58.2,1.07,-1.13
-0.06,4.74,-4.93,-9.86,-9.86,-6.97,-2.58,-2.33,-4,58.2,1.39,-1.14
-0.06,4.37,-4.62,-9.25,-9.25,-13.17,0.4,0.73,1,58.2,1.47,-1.14
-0.06,3.98,-4.23,-8.46,-8.46,-17.62,2.86,3.11,6,58.2,1.38,-1.13
-0.06,3.62,-3.87,-7.74,-7.74,-20.05,4.57,4.61,9,58.2,1.15,-1.12
-0.06,3.26,-3.49,-6.97,-6.97,-19.67,5.3,4.98,9,58.2,0.78,-1.1
-0.06,2.96,-3.15,-6.3,-6.3,-16.86,4.87,4.09,8,58.2,0.3,-1.08
-0.06,2.82,-2.95,-5.89,-5.89,-12.85,3.66,2.45,4,58.2,-0.15,-1.06
-0.06,2.82,-2.88,-5.75,-5.75,-6.59,1.72,0.1,0,58.2,-0.56,-1.05
-0.06,2.96,-2.94,-5.89,-5.89,0.71,-1.21,-3.27,-6,58.35,-1.01,-1.05
-0.06,3.22,-3.12,-6.25,-6.25,6.74,-4.08,-6.39,-12,58.2,-1.24,-1.07
-0.06,3.55,-3.43,-6.87,-6.87,11.43,-6.41,-8.73,-17,58.2,-1.23,-1.09
-0.06,3.85,-3.78,-7.55,-7.55,15.32,-8.45,-10.72,-21,58.2,-1.15,-1.12
-0.06,4.16,-4.08,-8.17,-8.17,16.69,-9.8,-11.9,-23,58.2,-0.94,-1.16
-0.06,4.44,-4.37,-8.73,-8.73,15.75,-10.08,-11.85,-23,58.2,-0.57,-1.2
-0.06,4.65,-4.61,-9.22,-9.22,13.04,-9.52,-10.92,-21,58.2,-0.16,-1.24
-0.06,4.67,-4.73,-9.47,-9.47,8.86,-8.25,-9.29,-18,58.35,0.23,-1.27
-0.06,4.57,-4.68,-9.37,-9.37,2.8,-6.17,-6.85,-13,58.2,0.62,-1.3
-0.06,4.43,-4.56,-9.12,-9.12,-3.67,-3.44,-3.76,-7,58.2,0.99,-1.32
-0.06,4.24,-4.42,-8.84,-8.84,-8.91,-0.93,-1.1,-2,58.35,1.15,-1.32
-0.06,3.98,-4.17,-8.34,-8.34,-12.64,1.03,0.81,1,58.2,1.1,-1.32
-0.06,3.68,-3.89,-7.77,-7.77,-14.53,2.46,2.09,4,58.2,0.94,-1.31
-0.06,3.52,-3.64,-7.28,-7.28,-13.25,2.81,2.09,4,58.2,0.59,-1.3
-0.06,3.34,-3.49,-6.97,-6.97,-9.78,1.85,0.65,1,58.2,0.09,-1.29
-0.06,3.28,-3.37,-6.73,-6.73,-6.11,0.49,-1.08,-2,58.2,-0.29,-1.29
-0.06,3.33,-3.36,-6.73,-6.73,-1.74,-1.06,-2.89,-5,58.2,-0.54,-1.29
-0.06,3.49,-3.47,-6.95,-6.95,3.49,-3.11,-5.2,-10,58.2,-0.79,-1.3
-0.06,3.7,-3.66,-7.31,-7.31,7.95,-5.31,-7.58,-15,58.2,-0.95,-1.32
-0.06,3.94,-3.87,-7.74,-7.74,10.42,-6.86,-9.09,-18,58.2,-0.89,-1.35
-0.06,4.14,-4.12,-8.24,-8.24,11.18,-7.7,-9.75,-19,58.2,-0.68,-1.38
-0.06,4.33,-4.32,-8.64,-8.64,10.6,-7.86,-9.67,-19,58.2,-0.4,-1.41
-0.06,4.41,-4.42,-8.84,-8.84,8.5,-7.47,-9.03,-18,58.2,-0.13,-1.44
-0.06,4.38,-4.46,-8.92,-8.92,4.7,-6.27,-7.52,-15,58.2,0.22,-1.46
-0.06,4.3,-4.41,-8.82,-8.82,-0.08,-4.47,-5.4,-10,58.2,0.55,-1.48
-0.06,4.15,-4.28,-8.56,-8.56,-4.47,-2.48,-3.21,-6,58.2,0.77,-1.5
-0.06,4.01,-4.14,-8.29,-8.29,-7.68,-0.79,-1.46,-2,58.2,0.83,-1.5
-0.06,3.86,-3.99,-7.99,-7.99,-8.84,0.2,-0.61,-1,58.2,0.69,-1.5
-0.06,3.73,-3.85,-7.69,-7.69,-8.19,0.41,-0.66,-1,58.35,0.43,-1.5
-0.06,3.61,-3.73,-7.46,-7.46,-6.91,0.04,-1.32,-2,58.2,0.15,-1.5
-0.06,3.6,-3.65,-7.3,-7.3,-5.12,-0.45,-1.99,-3,58.2,-0.04,-1.5
-0.06,3.64,-3.65,-7.3,-7.3,-1.71,-1.47,-3.24,-6,58.2,-0.27,-1.51
-0.06,3.74,-3.73,-7.45,-7.45,2.55,-3.18,-5.25,-10,58.2,-0.55,-1.52
-0.06,3.89,-3.85,-7.7,-7.7,5.07,-4.69,-6.88,-13,58.2,-0.65,-1.53
-0.06,4.06,-4.03,-8.07,-8.07,7.02,-5.66,-7.8,-15,58.2,-0.58,-1.55
-0.06,4.19,-4.18,-8.37,-8.37,7.5,-6.36,-8.42,-16,58.2,-0.48,-1.58
-0.06,4.24,-4.3,-8.59,-8.59,6.16,-6.25,-8.09,-16,58.35,-0.24,-1.6
-0.06,4.3,-4.34,-8.69,-8.69,3.87,-5.48,-7.06,-14,58.35,0.05,-1.63
-0.06,4.28,-4.33,-8.67,-8.67,1.52,-4.58,-5.99,-11,58.2,0.24,-1.65
-0.06,4.15,-4.29,-8.59,-8.59,-1.35,-3.49,-4.76,-9,58.2,0.39,-1.66
-0.06,3.99,-4.13,-8.26,-8.26,-4.49,-2.13,-3.27,-6,58.2,0.53,-1.67
-0.06,3.84,-3.95,-7.91,-7.91,-6.95,-0.83,-1.92,-3,58.2,0.58,-1.68
-0.06,3.71,-3.84,-7.68,-7.68,-7.91,0,-1.16,-2,58.35,0.52,-1.68
-0.06,3.61,-3.72,-7.44,-7.44,-6.8,0.06,-1.32,-2,58.2,0.3,-1.68
-0.06,3.54,-3.64,-7.28,-7.28,-4.47,-0.62,-2.31,-4,58.2,0,-1.68
-0.06,3.56,-3.6,-7.2,-7.2,-1.91,-1.61,-3.54,-7,58.2,-0.24,-1.68
-0.06,3.68,-3.67,-7.34,-7.34,0.82,-2.67,-4.75,-9,58.2,-0.38,-1.69
-0.06,3.81,-3.8,-7.6,-7.6,4.17,-4.07,-6.31,-12,58.2,-0.53,-1.71
-0.06,3.94,-3.93,-7.85,-7.85,5.92,-5.25,-7.55,-15,58.35,-0.57,-1.73
-0.06,4.02,-4.06,-8.13,-8.13,6.27,-5.73,-7.91,-15,58.2,-0.42,-1.75
-0.06,4.11,-4.15,-8.3,-8.3,5.65,-5.75,-7.76,-15,58.35,-0.24,-1.77
-0.06,4.08,-4.15,-8.31,-8.31,3.77,-5.3,-7.13,-14,58.2,-0.03,-1.8
-0.06,4.05,-4.14,-8.29,-8.29,0.39,-4.19,-5.76,-11,58.35,0.24,-1.81
-0.06,3.93,-4.08,-8.15,-8.15,-2.87,-2.71,-4.06,-8,58.2,0.48,-1.83
-0.06,3.77,-3.9,-7.8,-7.8,-4.82,-1.52,-2.81,-5,58.35,0.55,-1.83
-0.06,3.63,-3.76,-7.52,-7.52,-5.65,-0.87,-2.25,-4,58.35,0.45,-1.84
-0.06,3.48,-3.59,-7.18,-7.18,-5.66,-0.58,-2.11,-4,58.35,0.3,-1.84
-0.06,3.42,-3.51,-7.01,-7.01,-5.14,-0.62,-2.31,-4,58.35,0.15,-1.84
-0.06,3.38,-3.45,-6.9,-6.9,-3.45,-0.96,-2.8,-5,58.35,0,-1.85
-0.06,3.43,-3.48,-6.96,-6.96,-0.54,-1.96,-4.05,-8,58.35,-0.23,-1.85
-0.06,3.56,-3.55,-7.11,-7.11,2.27,-3.21,-5.5,-10,58.35,-0.42,-1.86
-0.06,3.7,-3.67,-7.33,-7.33,4.53,-4.32,-6.69,-13,58.35,-0.49,-1.88
-0.06,3.8,-3.81,-7.63,-7.63,5.91,-5.22,-7.6,-15,58.35,-0.47,-1.9
-0.06,3.91,-3.91,-7.83,-7.83,5.52,-5.5,-7.74,-15,58.35,-0.32,-1.92
-0.06,3.93,-3.99,-7.98,-7.98,3.85,-5.11,-7.14,-14,58.35,-0.09,-1.94
-0.06,3.91,-4,-8,-8,1.66,-4.32,-6.14,-12,58.5,0.14,-1.96
-0.06,3.8,-3.93,-7.85,-7.85,-0.86,-3.32,-4.99,-9,58.65,0.3,-1.98
-0.06,3.68,-3.8,-7.59,-7.59,-3.76,-2.12,-3.66,-7,58.65,0.44,-1.99
-0.06,3.56,-3.69,-7.39,-7.39,-6.14,-0.94,-2.41,-4,59.1,0.52,-1.99
-0.06,3.44,-3.56,-7.12,-7.12,-7.29,-0.07,-1.58,-3,59.7,0.49,-1.99
-0.06,3.35,-3.44,-6.88,-6.88,-6.58,0.11,-1.57,-3,60,0.31,-1.99
-0.06,3.31,-3.38,-6.76,-6.76,-4.44,-0.47,-2.44,-4,60.6,0.03,-1.99
-0.06,3.31,-3.36,-6.72,-6.72,-2.21,-1.35,-3.54,-7,60.75,-0.19,-2
-0.06,3.35,-3.4,-6.81,-6.81,0.25,-2.32,-4.66,-9,61.05,-0.33,-2.01
-0.06,3.48,-3.49,-6.97,-6.97,2.9,-3.41,-5.87,-11,61.35,-0.44,-2.02
-0.06,3.63,-3.61,-7.22,-7.22,4.86,-4.51,-7.04,-14,61.5,-0.5,-2.04
-0.06,3.72,-3.74,-7.48,-7.48,5.61,-5.14,-7.61,-15,61.8,-0.42,-2.06
-0.06,3.82,-3.84,-7.68,-7.68,4.71,-5.23,-7.56,-15,61.95,-0.25,-2.08
-0.06,3.85,-3.9,-7.8,-7.8,2.27,-4.57,-6.64,-13,62.1,0.02,-2.1
-0.06,3.82,-3.9,-7.81,-7.81,-0.57,-3.45,-5.28,-10,62.25,0.28,-2.11
-0.06,3.66,-3.81,-7.62,-7.62,-3.18,-2.31,-4.02,-8,62.4,0.41,-2.12
-0.06,3.52,-3.65,-7.31,-7.31,-6.11,-1.04,-2.65,-5,62.7,0.52,-2.13
-0.06,3.4,-3.5,-7,-7,-7.72,0.05,-1.54,-3,63,0.53,-2.13
-0.06,3.23,-3.37,-6.74,-6.74,-7.7,0.44,-1.31,-2,63.75,0.38,-2.13
-0.06,3.1,-3.23,-6.46,-6.46,-7.44,0.46,-1.48,-2,64.05,0.18,-2.12
-0.06,3,-3.12,-6.23,-6.23,-5.88,0.24,-1.83,-3,64.2,0.05,-2.12
-0.06,2.97,-3.04,-6.08,-6.08,-3.64,-0.51,-2.8,-5,64.65,-0.16,-2.12
-0.06,3.01,-3.05,-6.1,-6.1,-0.81,-1.53,-4,-7,64.65,-0.34,-2.13
-0.06,3.1,-3.11,-6.22,-6.22,1.92,-2.74,-5.36,-10,65.4,-0.48,-2.14
-0.06,3.21,-3.22,-6.44,-6.44,3.86,-3.77,-6.42,-12,66,-0.5,-2.15
-0.06,3.35,-3.33,-6.67,-6.67,4.49,-4.42,-7.02,-14,66.15,-0.43,-2.17
-0.06,3.4,-3.43,-6.87,-6.87,4.06,-4.52,-6.97,-13,66.15,-0.26,-2.19
-0.06,3.42,-3.47,-6.94,-6.94,2.05,-4.04,-6.28,-12,66.15,-0.03,-2.2
-0.06,3.38,-3.46,-6.92,-6.92,-0.4,-3.14,-5.17,-10,66.15,0.19,-2.22
-0.06,3.3,-3.41,-6.82,-6.82,-3.63,-1.89,-3.72,-7,66.15,0.4,-2.23
-0.06,3.17,-3.28,-6.56,-6.56,-5.77,-0.73,-2.48,-4,66.15,0.48,-2.23
-0.06,3.04,-3.17,-6.34,-6.34,-7.67,0.21,-1.53,-3,66.15,0.49,-2.23
-0.06,2.87,-3,-6,-6,-8.2,0.8,-1.03,-2,66.3,0.4,-2.23
-0.06,2.79,-2.89,-5.79,-5.79,-8.11,1.03,-0.93,-1,66.3,0.27,-2.22
-0.06,2.71,-2.79,-5.59,-5.59,-6.85,0.76,-1.39,-2,66.3,0.08,-2.22
-0.06,2.64,-2.73,-5.47,-5.47,-4.84,0.21,-2.11,-4,66.45,-0.1,-2.22
-0.06,2.69,-2.73,-5.46,-5.46,-2.36,-0.73,-3.23,-6,66.45,-0.28,-2.22
-0.06,2.77,-2.79,-5.57,-5.57,0.49,-1.86,-4.51,-9,66.45,-0.42,-2.23
-0.06,2.87,-2.88,-5.77,-5.77,2.88,-3.01,-5.75,-11,66.45,-0.5,-2.24
-0.06,2.96,-2.97,-5.94,-5.94,4.38,-3.89,-6.64,-13,66.45,-0.49,-2.25
-0.06,3.05,-3.06,-6.12,-6.12,4.71,-4.32,-6.92,-13,66.45,-0.33,-2.27
-0.06,3.11,-3.14,-6.28,-6.28,3.67,-4.27,-6.76,-13,66.45,-0.2,-2.29
-0.06,3.07,-3.16,-6.32,-6.32,1.26,-3.55,-5.8,-11,66.45,0.06,-2.3
-0.06,3.03,-3.12,-6.24,-6.24,-1.97,-2.36,-4.37,-8,66.45,0.31,-2.31
-0.06,2.89,-3.01,-6.03,-6.03,-4.6,-1.07,-2.92,-5,66.45,0.47,-2.32
-0.06,2.71,-2.88,-5.76,-5.76,-6.67,0,-1.81,-3,66.45,0.5,-2.32
-0.06,2.54,-2.69,-5.37,-5.37,-7.77,0.78,-1.1,-2,66.45,0.44,-2.32
-0.06,2.43,-2.56,-5.13,-5.13,-7.98,1.17,-0.81,-1,66.45,0.33,-2.31
-0.06,2.32,-2.42,-4.83,-4.83,-6.92,1.07,-1.09,-2,66.45,0.14,-2.31
-0.06,2.27,-2.36,-4.71,-4.71,-5.33,0.61,-1.74,-3,66.45,-0.04,-2.31
-0.06,2.29,-2.34,-4.67,-4.67,-3.18,-0.15,-2.68,-5,66.45,-0.22,-2.31
-0.06,2.29,-2.34,-4.69,-4.69,-0.35,-1.14,-3.82,-7,66.45,-0.37,-2.31
-0.06,2.34,-2.38,-4.76,-4.76,2.41,-2.34,-5.15,-10,66.45,-0.49,-2.32
-0.06,2.45,-2.46,-4.91,-4.91,4.18,-3.36,-6.2,-12,66.45,-0.52,-2.33
-0.06,2.57,-2.57,-5.14,-5.14,4.58,-3.89,-6.64,-13,66.45,-0.41,-2.34
-0.06,2.59,-2.66,-5.31,-5.31,3.79,-3.85,-6.43,-12,66.45,-0.22,-2.36
-0.06,2.6,-2.65,-5.29,-5.29,1.53,-3.25,-5.61,-11,66.3,0.01,-2.37
-0.06,2.55,-2.62,-5.24,-5.24,-1.53,-2.15,-4.27,-8,66.45,0.26,-2.38
-0.06,2.39,-2.54,-5.07,-5.07,-4.67,-0.73,-2.61,-5,66.45,0.5,-2.39
-0.06,2.26,-2.39,-4.78,-4.78,-6.75,0.41,-1.44,-2,66.45,0.53,-2.39
-0.06,2.02,-2.21,-4.42,-4.42,-8.15,1.25,-0.65,-1,66.45,0.48,-2.38
-0.06,1.86,-1.99,-3.98,-3.98,-8.78,1.82,-0.18,0,66.45,0.38,-2.38
-0.06,1.74,-1.88,-3.76,-3.76,-8.43,2.01,-0.11,0,66.45,0.25,-2.37
-0.06,1.62,-1.74,-3.48,-3.48,-7.29,1.77,-0.53,-1,66.45,0.06,-2.36
-0.06,1.54,-1.62,-3.24,-3.24,-5.53,1.29,-1.16,-2,66.45,-0.1,-2.36
-0.06,1.56,-1.62,-3.24,-3.24,-3.19,0.49,-2.12,-4,66.45,-0.25,-2.35
-0.06,1.62,-1.65,-3.3,-3.3,-0.46,-0.58,-3.34,-6,66.45,-0.4,-2.36
-0.06,1.66,-1.71,-3.42,-3.42,1.95,-1.71,-4.56,-9,66.45,-0.49,-2.36
-0.06,1.71,-1.75,-3.5,-3.5,3.37,-2.51,-5.35,-10,66.45,-0.47,-2.37
-0.06,1.72,-1.76,-3.53,-3.53,3.76,-2.89,-5.64,-11,66.45,-0.37,-2.38
-0.06,1.67,-1.75,-3.51,-3.51,3.05,-2.84,-5.43,-10,67.35,-0.2,-2.39
-0.06,1.6,-1.7,-3.4,-3.4,0.79,-2.19,-4.56,-9,68.55,0.02,-2.4
-0.06,1.48,-1.61,-3.22,-3.22,-2.28,-1.02,-3.16,-6,68.85,0.27,-2.41
-0.06,1.32,-1.45,-2.9,-2.9,-5.01,0.35,-1.61,-3,69,0.45,-2.41
-0.06,1.15,-1.32,-2.64,-2.64,-7.13,1.39,-0.57,-1,69.15,0.44,-2.4
-0.06,1.02,-1.14,-2.27,-2.27,-8.61,2.3,0.39,0,69.75,0.49,-2.4
-0.06,0.93,-1.02,-2.04,-2.04,-9.03,2.74,0.73,1,70.5,0.37,-2.39
-0.06,0.79,-0.93,-1.86,-1.86,-8.47,2.83,0.68,1,70.65,0.22,-2.37
-0.06,0.67,-0.76,-1.52,-1.52,-7.54,2.58,0.26,0,70.65,0.04,-2.36
-0.06,0.61,-0.69,-1.38,-1.38,-5.78,2.17,-0.25,0,70.8,-0.08,-2.35
-0.06,0.58,-0.64,-1.28,-1.28,-3.49,1.36,-1.21,-2,70.8,-0.23,-2.35
-0.06,0.61,-0.63,-1.26,-1.26,-0.55,0.31,-2.46,-4,70.8,-0.42,-2.35
-0.06,0.73,-0.75,-1.49,-1.49,1.97,-0.89,-3.75,-7,70.8,-0.51,-2.35
-0.06,0.79,-0.83,-1.66,-1.66,3.85,-1.9,-4.79,-9,70.65,-0.53,-2.35
-0.06,0.89,-0.92,-1.84,-1.84,4.56,-2.44,-5.22,-10,70.65,-0.42,-2.36
-0.06,0.98,-1.02,-2.05,-2.05,4.08,-2.65,-5.31,-10,70.65,-0.28,-2.37
-0.06,0.93,-1.02,-2.04,-2.04,2.03,-2.07,-4.47,-8,70.65,-0.01,-2.39
-0.06,0.78,-0.91,-1.82,-1.82,-0.77,-1.04,-3.2,-6,70.65,0.23,-2.39
-0.06,0.68,-0.8,-1.61,-1.61,-3.84,0.33,-1.65,-3,70.65,0.41,-2.39
-0.06,0.48,-0.65,-1.29,-1.29,-6.45,1.5,-0.35,0,70.65,0.54,-2.39
-0.06,0.23,-0.4,-0.8,-0.8,-9.7,2.92,1.15,2,70.65,0.61,-2.38
-0.06,0.02,-0.17,-0.35,-0.35,-11.75,4.21,2.49,4,70.65,0.64,-2.36
-0.06,-0.26,0.04,0.07,0.07,-13.11,5.04,3.24,6,70.65,0.54,-2.34
-0.06,-0.55,0.34,0.68,0.68,-13.42,5.62,3.66,7,70.65,0.35,-2.31
-0.06,-0.76,0.6,1.19,1.19,-13.3,5.86,3.81,7,70.65,0.25,-2.3
-0.06,-0.94,0.8,1.6,1.6,-11.63,5.71,3.5,7,70.65,0.07,-2.27
-0.06,-1.05,0.95,1.89,1.89,-8.78,4.89,2.46,4,70.65,-0.18,-2.25
-0.06,-1.05,1,2,2,-5.07,3.6,0.91,1,70.65,-0.45,-2.24
-0.06,-1.02,0.96,1.93,1.93,-0.77,1.96,-0.92,-1,70.65,-0.65,-2.23
-0.06,-0.85,0.88,1.75,1.75,3.39,0.17,-2.85,-5,70.65,-0.79,-2.22
-0.06,-0.73,0.72,1.44,1.44,6.85,-1.57,-4.57,-9,70.65,-0.77,-2.23
-0.06,-0.51,0.57,1.14,1.14,8.11,-2.61,-5.6,-11,70.65,-0.75,-2.24
-0.06,-0.41,0.41,0.81,0.81,7.79,-2.97,-5.72,-11,70.65,-0.5,-2.25
-0.06,-0.39,0.35,0.7,0.7,5.92,-2.49,-4.92,-9,70.65,-0.17,-2.26
-0.06,-0.37,0.32,0.65,0.65,2.76,-1.58,-3.72,-7,70.65,0.12,-2.27
-0.06,-0.48,0.36,0.73,0.73,-1.46,0.02,-1.84,-3,70.65,0.41,-2.27
-0.06,-0.62,0.47,0.93,0.93,-5.65,1.81,0.26,0,70.65,0.71,-2.26
-0.06,-0.9,0.7,1.39,1.39,-9.51,3.61,2.06,4,70.65,0.7,-2.25
-0.06,-1.32,1.01,2.03,2.03,-12.5,5.25,3.87,7,70.65,0.85,-2.23
-0.06,-1.61,1.41,2.82,2.82,-15.23,6.71,5.28,10,70.65,0.78,-2.21
-0.06,-1.92,1.7,3.4,3.4,-16.2,7.74,6.2,12,70.65,0.64,-2.18
-0.06,-2.27,2.05,4.1,4.1,-15.78,8.11,6.33,12,70.65,0.36,-2.14
-0.06,-2.46,2.36,4.71,4.71,-13.95,7.87,5.88,11,70.65,0.12,-2.12
-0.06,-2.58,2.47,4.94,4.94,-10.97,7.07,4.84,9,70.65,-0.14,-2.09
-0.06,-2.65,2.58,5.16,5.16,-5.87,5.48,2.97,5,70.65,-0.46,-2.06
-0.06,-2.52,2.54,5.09,5.09,-0.77,3.35,0.48,0,70.65,-0.83,-2.05
-0.06,-2.3,2.35,4.71,4.71,4.5,1.16,-1.86,-3,70.65,-0.98,-2.04
-0.06,-2.06,2.14,4.28,4.28,9.09,-1.1,-4.12,-8,70.65,-0.98,-2.04
-0.06,-1.83,1.88,3.76,3.76,12.41,-2.82,-5.9,-11,70.65,-1.04,-2.05
-0.06,-1.52,1.59,3.19,3.19,13.98,-4.16,-7.01,-14,70.65,-0.79,-2.07
-0.06,-1.31,1.32,2.63,2.63,13.31,-4.47,-7.1,-14,70.65,-0.55,-2.08
-0.06,-1.14,1.13,2.26,2.26,10.61,-4.02,-6.3,-12,70.65,-0.19,-2.1
-0.06,-1.18,1.09,2.18,2.18,6,-2.51,-4.37,-8,70.65,0.25,-2.11
-0.06,-1.31,1.16,2.32,2.32,-0.27,-0.3,-1.71,-3,70.65,0.71,-2.11
-0.06,-1.55,1.35,2.71,2.71,-7.07,2.59,1.55,3,70.65,1.07,-2.11
-0.06,-2.04,1.72,3.43,3.43,-12.99,5.39,4.43,8,70.65,1.12,-2.08
-0.06,-2.53,2.23,4.46,4.46,-19.27,8.26,7.62,15,70.65,1.42,-2.06
-0.06,-3.03,2.72,5.43,5.43,-23.46,10.83,10.17,20,70.65,1.35,-2.02
-0.06,-3.54,3.22,6.44,6.44,-25.7,12.53,11.57,23,70.65,1,-1.96
-0.06,-3.99,3.72,7.43,7.43,-25.09,13.25,12,23,70.65,0.66,-1.91
-0.06,-4.34,4.09,8.17,8.17,-22.2,12.87,11.28,22,70.65,0.28,-1.87
-0.06,-4.57,4.41,8.81,8.81,-16.54,11.38,9.31,18,70.65,-0.25,-1.82
-0.06,-4.59,4.56,9.12,9.12,-9.15,8.86,6.37,12,70.65,-0.72,-1.77
-0.06,-4.47,4.48,8.96,8.96,-0.03,5.47,2.39,4,70.65,-1.32,-1.76
-0.06,-4.12,4.24,8.48,8.48,8.8,1.59,-1.67,-3,70.65,-1.51,-1.74
-0.06,-3.65,3.84,7.68,7.68,16.05,-2.02,-5.66,-11,70.65,-1.9,-1.75
-0.06,-3.11,3.3,6.61,6.61,22.24,-5.02,-8.52,-17,70.65,-1.74,-1.76
-0.06,-2.57,2.8,5.61,5.61,26.32,-7.65,-10.85,-21,70.65,-1.4,-1.8
-0.06,-2,2.25,4.5,4.5,27.41,-9.08,-12.11,-24,70.65,-1.21,-1.82
-0.06,-1.56,1.72,3.44,3.44,26.27,-9.46,-12.03,-24,70.65,-0.71,-1.86
-0.06,-1.28,1.36,2.73,2.73,21.94,-8.75,-10.79,-21,70.65,-0.14,-1.91
-0.06,-1.19,1.15,2.29,2.29,14.34,-6.46,-7.89,-15,70.65,0.5,-1.93
-0.06,-1.33,1.19,2.38,2.38,4.48,-2.91,-3.72,-7,70.65,1.13,-1.95
-0.06,-1.76,1.47,2.94,2.94,-6.93,1.6,1.57,3,70.65,1.92,-1.95
-0.06,-2.38,1.99,3.98,3.98,-18.08,6.69,7.01,14,70.65,2.25,-1.93
-0.06,-3.13,2.69,5.38,5.38,-28.15,11.38,11.6,23,70.65,2.1,-1.88
-0.06,-3.93,3.42,6.84,6.84,-36.81,15.9,16.26,32,70.65,2.17,-1.82
-0.06,-4.88,4.28,8.56,8.56,-41.98,19.34,19.78,39,70.65,2.2,-1.76
-0.06,-5.74,5.22,10.44,10.44,-44.14,21.57,21.55,43,70.65,1.66,-1.68
-0.06,-6.46,6.04,12.08,12.08,-42.3,22.33,21.64,43,70.65,0.88,-1.57
-0.06,-6.95,6.72,13.44,13.44,-35.75,21.24,19.89,39,70.65,0.13,-1.48
-0.06,-7.07,6.99,13.97,13.97,-23.73,17.77,15.43,30,70.65,-0.91,-1.43
-0.06,-6.96,6.98,13.95,13.95,-7.65,11.95,8.66,17,70.65,-1.92,-1.37
-0.06,-6.59,6.75,13.51,13.51,8.03,5.21,1.41,2,70.65,-2.47,-1.33
-0.06,-5.95,6.21,12.43,12.43,21.07,-0.99,-5.14,-10,70.65,-2.82,-1.33
-0.06,-5.14,5.53,11.07,11.07,31.42,-6.18,-10.31,-20,70.65,-2.77,-1.35
-0.06,-4.22,4.6,9.2,9.2,40.47,-10.76,-14.71,-29,70.65,-2.56,-1.39
-0.06,-3.24,3.7,7.39,7.39,45.93,-14.57,-18.51,-37,70.65,-2.5,-1.43
-0.06,-2.29,2.73,5.45,5.45,47.51,-16.69,-19.79,-39,70.65,-1.59,-1.51
-0.06,-1.51,1.84,3.68,3.68,45,-17.24,-19.73,-39,70.65,-0.9,-1.58
-0.06,-0.75,1.18,2.36,2.36,37.82,-15.89,-17.62,-35,70.65,-0.09,-1.65
-0.06,-0.52,0.5,1,1,25.75,-12.52,-13.29,-26,70.65,0.92,-1.69
-0.06,-0.65,0.49,0.98,0.98,10.35,-6.94,-6.93,-13,70.65,1.74,-1.73
-0.06,-1.15,0.81,1.62,1.62,-6.7,-0.17,0.67,1,70.65,2.57,-1.74
-0.06,-2.02,1.48,2.97,2.97,-25.56,7.57,9.09,18,70.65,3.24,-1.72
-0.06,-3.17,2.53,5.06,5.06,-44.33,16.1,18.54,37,70.65,4.11,-1.67
-0.06,-4.62,3.79,7.58,7.58,-59.15,23.99,26.11,52,70.65,3.68,-1.57
-0.06,-6.15,5.3,10.6,10.6,-69.51,30.16,32.07,64,70.65,3.36,-1.45
-0.06,-7.52,6.87,13.74,13.74,-75.68,34.78,36.26,72,70.65,2.79,-1.32
-0.06,-8.6,7.94,15.89,15.89,-75.6,36.96,37.75,75,70.65,1.96,-1.17
-0.06,-9.51,9.06,18.12,18.12,-66.48,36.24,35.99,71,70.65,0.77,-1.02
-0.06,-9.88,9.67,19.33,19.33,-46.84,30.82,28.93,57,70.65,-0.96,-0.93
-0.06,-10.12,9.95,19.89,19.89,-23.45,21.95,18.61,37,70.65,-2.54,-0.8
-0.06,-10.25,10.17,20.33,20.33,-4.83,13.46,8.83,17,70.65,-3.87,-0.76
-0.06,-9.87,10.05,20.1,20.1,9.63,7.02,2.88,5,70.65,-3.43,-0.71
-0.06,-8.95,9.38,18.76,18.76,25.15,0.67,-3.93,-7,70.65,-3.89,-0.71
-0.06,-7.88,8.33,16.65,16.65,41.36,-6.74,-10.98,-21,70.65,-3.52,-0.73
-0.06,-6.77,7.3,14.6,14.6,52.33,-13.29,-17.5,-34,70.65,-3.43,-0.77
-0.06,-5.63,6.09,12.19,12.19,55.38,-17.04,-20.53,-41,70.65,-2.66,-0.84
-0.06,-4.7,5.05,10.09,10.09,52.92,-17.84,-20.33,-40,70.65,-1.57,-0.91
-0.06,-3.93,4.28,8.55,8.55,44.36,-16.4,-17.82,-35,70.65,-0.44,-0.98
-0.06,-3.64,3.57,7.14,7.14,28.5,-12.07,-12.29,-24,70.65,0.82,-1.03
-0.06,-3.91,3.67,7.35,7.35,6.27,-4.26,-3,-5,70.65,2.32,-1.06
-0.06,-4.78,4.19,8.38,8.38,-18.42,5.75,8.21,16,70.65,3.49,-1.04
-0.06,-5.99,5.33,10.66,10.66,-43.5,16.62,20.06,40,70.65,4.42,-0.98
-0.06,-7.81,6.83,13.67,13.67,-67.23,27.8,32.39,64,70.65,5.49,-0.91
-0.06,-9.97,8.74,17.48,17.48,-87.18,38,42.07,84,70.65,4.8,-0.73
-0.06,-12.2,10.87,21.74,21.74,-103.44,47.13,51.19,102,70.65,4.61,-0.55
-0.06,-14.05,13.1,26.2,26.2,-112.99,54.19,57.76,115,70.65,3.91,-0.34
-0.06,-15.95,14.9,29.8,29.8,-110.31,57.22,59.78,119,70.65,2.67,-0.11
-0.06,-17.34,16.68,33.37,33.37,-97.33,55.33,56.31,112,70.65,0.87,0.11
-0.06,-18.3,17.69,35.39,35.39,-75.97,49.12,48.28,96,70.65,-1.15,0.31
-0.06,-18.97,18.74,37.47,37.47,-54.29,40.8,38.45,76,70.65,-2.83,0.49
-0.06,-18.57,18.83,37.67,37.67,-36.17,33.16,30.29,60,70.65,-3.49,0.63
-0.06,-17.69,17.91,35.81,35.81,-13.86,24.65,21.46,42,70.65,-3.93,0.73
-0.06,-17,17.37,34.73,34.73,11.84,14.3,9.76,19,70.65,-5.33,0.79
-0.06,-16.01,16.41,32.83,32.83,35.26,3.47,-0.74,-1,70.65,-5.04,0.82
-0.06,-14.83,15.42,30.83,30.83,52.81,-5.55,-9.67,-19,70.65,-4.93,0.81
-0.06,-13.5,14.1,28.19,28.19,65.6,-12.71,-16.32,-32,70.65,-4.37,0.76
-0.06,-12.43,12.87,25.73,25.73,68.93,-17.21,-19.92,-39,70.65,-3.42,0.7
-0.06,-11.08,11.63,23.26,23.26,60.34,-17.14,-18.28,-36,70.65,-1.77,0.63
-0.06,-10.84,10.83,21.67,21.67,40.38,-11.98,-11.07,-22,70.65,0.33,0.57
-0.06,-11.28,10.93,21.86,21.86,12.61,-2.17,0.88,1,70.65,2.5,0.55
-0.06,-12.32,11.65,23.29,23.29,-20,10.69,15.66,31,70.65,4.39,0.58
-0.06,-14.13,13.06,26.13,26.13,-51.67,24.93,31.29,62,70.65,5.7,0.67
-0.06,-16.36,15.13,30.26,30.26,-82.61,38.95,46.07,92,70.65,6.31,0.81
-0.06,-19.04,17.56,35.12,35.12,-110.3,52.9,60.5,121,70.65,6.59,1.01
