-0.06,0.13,-0.19,-0.38,-0.38,-0.04,-0.13,-0.15,0,0,0,-0.01
-0.06,0.13,-0.19,-0.39,-0.39,-0.02,-0.14,-0.16,0,1.5,0,-0.01
-0.06,0.13,-0.19,-0.39,-0.39,-0.02,-0.15,-0.16,0,1.95,0,-0.02
-0.06,0.13,-0.19,-0.39,-0.39,-0.01,-0.15,-0.17,0,4.65,0,-0.02
-0.06,0.14,-0.2,-0.39,-0.39,-0.02,-0.15,-0.17,0,6.9,0,-0.02
-0.06,0.14,-0.2,-0.39,-0.39,-0.05,-0.14,-0.16,0,9.75,0,-0.02
-0.06,0.14,-0.2,-0.39,-0.39,-0.05,-0.14,-0.15,0,13.5,0,-0.02
-0.06,0.14,-0.2,-0.4,-0.4,-0.03,-0.14,-0.16,0,15,0,-0.02
-0.06,0.14,-0.2,-0.4,-0.4,-0.02,-0.15,-0.17,0,22.95,0,-0.02
-0.06,0.14,-0.2,-0.4,-0.4,-0.02,-0.15,-0.17,0,27.45,0,-0.02
-0.06,0.14,-0.2,-0.4,-0.4,-0.02,-0.15,-0.17,0,29.7,0,-0.02
-0.06,0.14,-0.2,-0.41,-0.41,-0.02,-0.16,-0.18,0,33.75,0,-0.02
-0.06,0.14,-0.2,-0.4,-0.4,-0.06,-0.15,-0.17,0,34.2,0,-0.02
-0.06,0.14,-0.21,-0.41,-0.41,0.26,-0.18,-0.2,0,35.85,0,-0.02
-0.06,0.17,-0.2,-0.4,-0.4,0.42,-0.33,-0.38,0,35.7,-0.02,-0.02
-0.06,0.19,-0.22,-0.44,-0.44,0.03,-0.29,-0.31,0,35.7,0,-0.02
-0.06,0.17,-0.25,-0.5,-0.5,-0.43,-0.11,-0.11,0,35.7,0.03,-0.02
-0.06,0.16,-0.22,-0.45,-0.45,-0.53,0.03,0.04,0,35.7,0.03,-0.02
-0.06,0.17,-0.22,-0.44,-0.44,-0.29,0,-0.01,0,35.7,0.01,-0.02
-0.06,0.15,-0.22,-0.44,-0.44,-0.04,-0.12,-0.16,0,35.7,-0.01,-0.03
-0.06,0.17,-0.23,-0.46,-0.46,0.02,-0.18,-0.22,0,35.7,-0.01,-0.03
-0.06,0.16,-0.22,-0.44,-0.44,0.1,-0.2,-0.24,0,35.7,-0.01,-0.03
-0.06,0.17,-0.23,-0.46,-0.46,0.14,-0.23,-0.26,0,35.7,-0.01,-0.03
-0.06,0.16,-0.22,-0.45,-0.45,0.16,-0.25,-0.28,0,35.7,-0.01,-0.03
-0.06,0.16,-0.24,-0.47,-0.47,0.05,-0.23,-0.26,0,35.7,0,-0.03
-0.06,0.16,-0.22,-0.44,-0.44,-0.02,-0.18,-0.21,0,35.7,0,-0.03
-0.06,0.15,-0.21,-0.41,-0.41,-0.09,-0.15,-0.17,0,35.7,0.01,-0.03
-0.06,0.15,-0.2,-0.4,-0.4,-0.15,-0.11,-0.13,0,35.7,0.01,-0.03
-0.06,0.13,-0.2,-0.39,-0.39,-0.11,-0.11,-0.14,0,35.7,0,-0.03
-0.06,0.13,-0.2,-0.4,-0.4,-0.11,-0.11,-0.14,0,35.7,0,-0.03
-0.06,0.14,-0.19,-0.39,-0.39,0.01,-0.13,-0.16,0,35.7,0,-0.03
-0.06,0.14,-0.19,-0.38,-0.38,0.1,-0.18,-0.22,0,35.7,-0.01,-0.03
-0.06,0.14,-0.2,-0.39,-0.39,0.07,-0.19,-0.23,0,35.7,-0.01,-0.03
-0.06,0.14,-0.2,-0.4,-0.4,0.04,-0.18,-0.22,0,35.7,0,-0.03
-0.06,0.14,-0.21,-0.41,-0.41,-0.04,-0.17,-0.2,0,35.7,0,-0.04
-0.06,0.15,-0.2,-0.41,-0.41,-0.06,-0.14,-0.17,0,35.7,0.01,-0.04
-0.06,0.15,-0.2,-0.4,-0.4,0.01,-0.15,-0.19,0,35.7,0,-0.04
-0.06,0.15,-0.21,-0.42,-0.42,0,-0.17,-0.21,0,35.7,0,-0.04
-0.06,0.15,-0.22,-0.43,-0.43,0.03,-0.18,-0.21,0,35.7,0,-0.04
-0.06,0.15,-0.21,-0.43,-0.43,0.01,-0.19,-0.23,0,35.7,0,-0.04
-0.06,0.15,-0.2,-0.41,-0.41,-0.04,-0.15,-0.19,0,35.7,0,-0.04
-0.06,0.13,-0.2,-0.39,-0.39,0.08,-0.16,-0.21,0,35.7,0,-0.04
-0.06,0.12,-0.18,-0.36,-0.36,0.04,-0.18,-0.22,0,35.7,0,-0.04
-0.06,0.11,-0.18,-0.36,-0.36,0.07,-0.15,-0.2,0,35.7,0,-0.04
-0.06,0.1,-0.17,-0.34,-0.34,0.09,-0.18,-0.23,0,35.7,-0.01,-0.04
-0.06,0.08,-0.15,-0.3,-0.3,-0.09,-0.12,-0.16,0,35.7,0,-0.04
-0.06,0.07,-0.13,-0.26,-0.26,-0.11,-0.05,-0.09,0,35.7,0.01,-0.04
-0.06,0.05,-0.12,-0.23,-0.23,-0.15,-0.04,-0.08,0,35.7,0.01,-0.04
-0.06,0.03,-0.11,-0.21,-0.21,-0.05,-0.03,-0.07,0,35.7,0,-0.04
-0.06,0.02,-0.09,-0.18,-0.18,0.11,-0.1,-0.15,0,35.7,-0.01,-0.04
-0.06,0.02,-0.07,-0.15,-0.15,0.01,-0.08,-0.13,0,35.7,0,-0.04
-0.06,0.01,-0.07,-0.13,-0.13,0.05,-0.06,-0.1,0,35.7,0,-0.04
-0.06,0,-0.06,-0.12,-0.12,-0.02,-0.06,-0.11,0,35.7,0,-0.04
-0.06,-0.01,-0.06,-0.11,-0.11,-0.1,-0.01,-0.05,0,35.7,0.01,-0.04
-0.06,-0.02,-0.05,-0.1,-0.1,-0.05,-0.01,-0.06,0,35.7,0,-0.04
-0.06,-0.01,-0.04,-0.08,-0.08,-0.19,0.01,-0.03,0,35.85,0,-0.04
-0.06,-0.02,-0.04,-0.08,-0.08,-0.13,0.05,0.01,0,36.15,0.01,-0.04
-0.06,-0.02,-0.03,-0.07,-0.07,-0.07,0,-0.04,0,36.3,0,-0.04
-0.06,-0.03,-0.04,-0.07,-0.07,-0.06,0,-0.04,0,36.3,0,-0.04
-0.06,-0.02,-0.04,-0.08,-0.08,0.03,-0.03,-0.08,0,36.45,-0.01,-0.04
-0.06,-0.03,-0.04,-0.07,-0.07,0,-0.04,-0.09,0,37.35,0,-0.04
-0.06,-0.03,-0.03,-0.06,-0.06,0.03,-0.02,-0.07,0,37.8,0,-0.04
-0.06,-0.02,-0.03,-0.07,-0.07,0.03,-0.05,-0.09,0,37.8,0,-0.04
-0.06,-0.03,-0.03,-0.07,-0.07,-0.03,-0.03,-0.07,0,37.8,0,-0.04
-0.06,-0.03,-0.03,-0.06,-0.06,-0.09,-0.01,-0.05,0,37.8,0,-0.05
-0.06,-0.02,-0.04,-0.07,-0.07,-0.17,0.03,-0.01,0,37.95,0.01,-0.04
-0.06,-0.02,-0.04,-0.08,-0.08,-0.13,0.03,-0.01,0,38.1,0.01,-0.04
-0.06,0,-0.05,-0.1,-0.1,-0.08,0,-0.05,0,38.25,0,-0.04
-0.06,0,-0.06,-0.12,-0.12,-0.12,-0.01,-0.06,0,38.7,0,-0.04
-0.06,-0.01,-0.05,-0.11,-0.11,-0.14,0.01,-0.03,0,38.85,0,-0.04
-0.06,-0.01,-0.05,-0.1,-0.1,-0.06,0,-0.05,0,39.9,0,-0.04
-0.06,-0.01,-0.05,-0.1,-0.1,-0.05,-0.03,-0.07,0,40.35,0,-0.04
-0.06,0,-0.05,-0.1,-0.1,-0.11,0,-0.05,0,40.65,0,-0.04
-0.06,0,-0.06,-0.13,-0.13,0.08,-0.03,-0.08,0,41.4,0,-0.04
-0.06,0.01,-0.06,-0.13,-0.13,0.19,-0.12,-0.18,0,41.85,-0.01,-0.05
-0.06,0,-0.06,-0.13,-0.13,-0.02,-0.1,-0.15,0,42.6,0,-0.05
-0.06,0.01,-0.07,-0.14,-0.14,-0.22,0,-0.03,0,42.9,0.01,-0.05
-0.06,0.01,-0.07,-0.13,-0.13,-0.06,0.02,-0.02,0,43.05,0.01,-0.05
-0.06,0.01,-0.07,-0.13,-0.13,0.15,-0.09,-0.14,0,43.35,-0.01,-0.05
-0.06,0,-0.06,-0.12,-0.12,-0.1,-0.08,-0.14,0,43.5,-0.01,-0.05
-0.06,0,-0.06,-0.12,-0.12,-0.59,0.1,0.07,0,43.65,0.02,-0.05
-0.06,0,-0.06,-0.12,-0.12,-0.72,0.24,0.23,0,43.8,0.03,-0.05
-0.06,0.01,-0.06,-0.13,-0.13,-0.36,0.19,0.16,0,44.25,0.01,-0.04
-0.06,0.02,-0.08,-0.16,-0.16,0.37,-0.06,-0.13,0,44.55,-0.03,-0.04
-0.06,0.01,-0.08,-0.16,-0.16,1.1,-0.37,-0.47,0,44.7,-0.06,-0.05
-0.06,0.01,-0.08,-0.16,-0.16,1.41,-0.6,-0.71,-1,44.85,-0.07,-0.05
-0.06,0.02,-0.08,-0.17,-0.17,1.11,-0.6,-0.69,-1,44.85,-0.04,-0.05
-0.06,0.02,-0.09,-0.19,-0.19,0.41,-0.39,-0.44,0,45.15,0.01,-0.05
-0.06,0.02,-0.09,-0.18,-0.18,-0.38,-0.08,-0.09,0,45.6,0.05,-0.05
-0.06,0,-0.08,-0.15,-0.15,-1.08,0.24,0.26,0,45.75,0.07,-0.05
-0.06,-0.02,-0.05,-0.11,-0.11,-1.45,0.48,0.51,1,46.35,0.07,-0.05
-0.06,-0.04,-0.03,-0.07,-0.07,-1.38,0.56,0.56,1,46.35,0.05,-0.05
-0.06,-0.03,-0.03,-0.06,-0.06,-0.9,0.45,0.42,0,46.5,0.01,-0.05
-0.06,-0.01,-0.04,-0.08,-0.08,-0.23,0.19,0.12,0,46.95,-0.03,-0.05
-0.06,0.02,-0.06,-0.13,-0.13,0.34,-0.08,-0.18,0,47.1,-0.05,-0.05
-0.06,0.05,-0.1,-0.19,-0.19,0.73,-0.3,-0.4,0,47.55,-0.06,-0.05
-0.06,0.06,-0.12,-0.24,-0.24,0.74,-0.42,-0.51,-1,47.85,-0.05,-0.05
-0.06,0.06,-0.13,-0.25,-0.25,0.22,-0.32,-0.38,0,47.85,-0.01,-0.05
-0.06,0.04,-0.11,-0.23,-0.23,-0.54,-0.03,-0.05,0,47.85,0.03,-0.05
-0.06,0.01,-0.09,-0.18,-0.18,-1.16,0.28,0.29,0,48,0.06,-0.05
-0.06,-0.03,-0.06,-0.11,-0.11,-1.45,0.49,0.51,1,48.9,0.06,-0.05
-0.06,-0.04,-0.04,-0.07,-0.07,-1.29,0.55,0.54,1,49.35,0.04,-0.04
-0.06,-0.03,-0.03,-0.07,-0.07,-0.66,0.38,0.34,0,49.35,0,-0.04
-0.06,-0.02,-0.04,-0.07,-0.07,0.25,0.06,-0.03,0,49.5,-0.05,-0.04
-0.06,0,-0.05,-0.1,-0.1,1.08,-0.31,-0.44,0,49.65,-0.08,-0.04
-0.06,0.02,-0.07,-0.14,-0.14,1.54,-0.61,-0.74,-1,50.4,-0.08,-0.05
-0.06,0.03,-0.1,-0.2,-0.2,1.42,-0.7,-0.81,-1,50.55,-0.06,-0.05
-0.06,0.05,-0.12,-0.23,-0.23,0.75,-0.55,-0.61,-1,50.55,-0.01,-0.05
-0.06,0.04,-0.12,-0.24,-0.24,-0.26,-0.2,-0.21,0,50.7,0.04,-0.05
-0.06,0,-0.09,-0.18,-0.18,-1.29,0.25,0.29,0,50.85,0.09,-0.05
-0.06,-0.04,-0.04,-0.08,-0.08,-1.81,0.62,0.67,1,51,0.1,-0.05
-0.06,-0.05,-0.02,-0.03,-0.03,-1.48,0.69,0.7,1,51.3,0.06,-0.05
-0.06,-0.05,-0.01,-0.01,-0.01,-0.61,0.42,0.38,0,51.45,0,-0.04
-0.06,-0.01,-0.01,-0.02,-0.02,0.2,0.06,-0.03,0,51.75,-0.05,-0.04
-0.06,0.03,-0.06,-0.12,-0.12,0.74,-0.26,-0.37,0,51.75,-0.07,-0.04
-0.06,0.03,-0.08,-0.16,-0.16,0.98,-0.42,-0.53,-1,51.9,-0.06,-0.05
-0.06,0.09,-0.12,-0.24,-0.24,1.17,-0.52,-0.61,-1,52.05,-0.05,-0.05
-0.06,0.08,-0.16,-0.31,-0.31,1.33,-0.64,-0.73,-1,52.35,-0.04,-0.05
-0.06,0.06,-0.12,-0.24,-0.24,0.62,-0.55,-0.62,-1,52.65,-0.01,-0.05
-0.06,0.02,-0.12,-0.24,-0.24,-1.07,-0.03,-0.02,0,52.8,0.07,-0.05
-0.06,-0.04,-0.05,-0.1,-0.1,-2.42,0.71,0.8,1,52.95,0.14,-0.05
-0.06,-0.04,-0.02,-0.05,-0.05,-2.35,1.01,1.08,2,53.1,0.12,-0.05
-0.06,-0.08,0,-0.01,-0.01,-1.19,0.73,0.71,1,53.25,0.03,-0.04
-0.06,-0.03,0.01,0.01,0.01,-0.05,0.23,0.13,0,53.4,-0.05,-0.04
-0.06,-0.01,-0.04,-0.08,-0.08,0.68,-0.17,-0.29,0,53.4,-0.08,-0.04
-0.06,0.05,-0.06,-0.13,-0.13,1.48,-0.47,-0.6,-1,53.55,-0.09,-0.04
-0.06,0.1,-0.15,-0.29,-0.29,2.44,-0.91,-1.06,-2,53.7,-0.11,-0.05
-0.06,0.13,-0.16,-0.33,-0.33,2.42,-1.19,-1.34,-2,54.6,-0.1,-0.05
-0.06,0.11,-0.2,-0.39,-0.39,0.96,-0.88,-0.95,-1,55.35,-0.01,-0.06
-0.06,0.1,-0.16,-0.32,-0.32,-0.6,-0.17,-0.13,0,55.5,0.09,-0.06
-0.06,0.01,-0.13,-0.25,-0.25,-1.56,0.35,0.41,0,55.5,0.12,-0.06
-0.06,-0.02,-0.05,-0.1,-0.1,-2.56,0.78,0.85,1,55.65,0.13,-0.05
-0.06,-0.08,0.01,0.02,0.02,-2.95,1.18,1.25,2,55.65,0.12,-0.05
-0.06,-0.06,0,-0.01,-0.01,-1.67,1,1,2,55.95,0.05,-0.05
-0.06,-0.02,0.01,0.01,0.01,0.28,0.27,0.15,0,56.25,-0.08,-0.04
-0.06,0.04,-0.07,-0.15,-0.15,1.85,-0.5,-0.69,-1,56.4,-0.14,-0.04
-0.06,0.13,-0.16,-0.32,-0.32,3.12,-1.14,-1.35,-2,56.55,-0.17,-0.05
-0.06,0.19,-0.22,-0.44,-0.44,3.51,-1.56,-1.77,-3,56.85,-0.15,-0.05
-0.06,0.23,-0.26,-0.52,-0.52,2.82,-1.51,-1.65,-3,56.85,-0.08,-0.06
-0.06,0.19,-0.28,-0.56,-0.56,1.64,-1.15,-1.21,-2,57,0.01,-0.07
-0.06,0.13,-0.22,-0.43,-0.43,-0.36,-0.46,-0.44,0,57.15,0.1,-0.07
-0.06,0.07,-0.16,-0.32,-0.32,-2.08,0.43,0.53,1,57.15,0.18,-0.07
-0.06,-0.04,-0.07,-0.15,-0.15,-2.77,0.94,1.04,2,57.6,0.17,-0.06
-0.06,-0.09,0,0,0,-3.1,1.21,1.28,2,57.6,0.13,-0.06
-0.06,-0.1,0.05,0.09,0.09,-2.14,1.16,1.17,2,57.6,0.06,-0.05
-0.06,-0.06,0.04,0.08,0.08,-0.2,0.52,0.42,0,57.9,-0.05,-0.05
-0.06,-0.01,-0.03,-0.06,-0.06,1.91,-0.37,-0.57,-1,57.9,-0.15,-0.05
-0.06,0.06,-0.09,-0.17,-0.17,3.39,-1.18,-1.43,-2,58.2,-0.2,-0.06
-0.06,0.15,-0.18,-0.35,-0.35,3.94,-1.64,-1.87,-3,58.2,-0.17,-0.06
-0.06,0.17,-0.23,-0.45,-0.45,3.77,-1.78,-1.96,-3,58.35,-0.11,-0.07
-0.06,0.16,-0.22,-0.44,-0.44,2.59,-1.49,-1.6,-3,58.5,-0.03,-0.08
-0.06,0.14,-0.24,-0.48,-0.48,0.89,-0.89,-0.9,-1,58.8,0.07,-0.08
-0.06,0.05,-0.16,-0.32,-0.32,-1.02,-0.1,-0.04,0,59.1,0.15,-0.08
-0.06,0.03,-0.1,-0.19,-0.19,-2.71,0.69,0.8,1,59.4,0.19,-0.08
-0.06,-0.07,-0.03,-0.06,-0.06,-3.55,1.29,1.4,2,59.4,0.19,-0.08
-0.06,-0.15,0.07,0.13,0.13,-3.16,1.45,1.5,3,59.55,0.12,-0.07
-0.06,-0.13,0.09,0.19,0.19,-1.75,1.12,1.08,2,59.55,0.02,-0.06
-0.06,-0.07,0.04,0.07,0.07,0.77,0.25,0.08,0,59.85,-0.1,-0.06
-0.06,-0.02,0.01,0.01,0.01,2.8,-0.76,-1.03,-2,60.3,-0.2,-0.06
-0.06,0.1,-0.08,-0.17,-0.17,4.34,-1.51,-1.8,-3,60.45,-0.22,-0.07
-0.06,0.22,-0.23,-0.45,-0.45,4.81,-2.09,-2.35,-4,60.75,-0.19,-0.08
-0.06,0.27,-0.33,-0.66,-0.66,4.3,-2.11,-2.3,-4,60.9,-0.1,-0.09
-0.06,0.26,-0.31,-0.63,-0.63,2.76,-1.73,-1.84,-3,61.05,-0.01,-0.09
-0.06,0.24,-0.3,-0.6,-0.6,0.77,-0.94,-0.93,-1,61.2,0.11,-0.1
-0.06,0.2,-0.28,-0.56,-0.56,-1.29,-0.12,-0.05,0,61.35,0.18,-0.1
-0.06,0.1,-0.23,-0.45,-0.45,-2.95,0.71,0.83,1,61.5,0.22,-0.1
-0.06,0.02,-0.12,-0.24,-0.24,-3.77,1.29,1.4,2,61.65,0.2,-0.09
-0.06,0.02,-0.07,-0.15,-0.15,-3.37,1.45,1.49,2,61.95,0.13,-0.09
-0.06,0.06,-0.09,-0.18,-0.18,-1.54,0.96,0.88,1,62.25,0.01,-0.08
-0.06,0.16,-0.18,-0.35,-0.35,1.07,-0.01,-0.22,0,62.4,-0.12,-0.08
-0.06,0.27,-0.28,-0.57,-0.57,3.6,-1.19,-1.5,-3,62.7,-0.23,-0.09
-0.06,0.39,-0.38,-0.77,-0.77,5.36,-2.15,-2.5,-4,62.85,-0.26,-0.09
-0.06,0.46,-0.49,-0.98,-0.98,6.1,-2.75,-3.07,-6,63.6,-0.22,-0.1
-0.06,0.51,-0.55,-1.11,-1.11,5.47,-2.81,-3.06,-6,64.05,-0.13,-0.11
-0.06,0.53,-0.59,-1.18,-1.18,3.83,-2.37,-2.51,-5,64.2,-0.01,-0.12
-0.06,0.51,-0.58,-1.16,-1.16,1.51,-1.56,-1.59,-3,64.35,0.11,-0.13
-0.06,0.45,-0.56,-1.13,-1.13,-0.97,-0.55,-0.48,0,64.35,0.21,-0.13
-0.06,0.37,-0.49,-0.97,-0.97,-3.44,0.51,0.64,1,64.8,0.26,-0.13
-0.06,0.26,-0.36,-0.72,-0.72,-4.86,1.44,1.58,3,65.25,0.27,-0.13
-0.06,0.17,-0.27,-0.55,-0.55,-4.66,1.79,1.86,3,65.55,0.2,-0.12
-0.06,0.16,-0.23,-0.46,-0.46,-2.88,1.4,1.34,2,65.7,0.06,-0.12
-0.06,0.23,-0.23,-0.46,-0.46,-0.02,0.42,0.2,0,65.85,-0.11,-0.11
-0.06,0.31,-0.33,-0.65,-0.65,3.16,-0.89,-1.24,-2,66,-0.24,-0.12
-0.06,0.47,-0.47,-0.93,-0.93,5.65,-2.18,-2.61,-5,66.45,-0.31,-0.12
-0.06,0.63,-0.6,-1.2,-1.2,7.03,-3.1,-3.53,-7,66.9,-0.3,-0.13
-0.06,0.76,-0.77,-1.54,-1.54,7.12,-3.49,-3.85,-7,67.05,-0.21,-0.15
-0.06,0.87,-0.88,-1.77,-1.77,5.88,-3.38,-3.63,-7,67.05,-0.1,-0.16
-0.06,0.88,-0.94,-1.87,-1.87,3.67,-2.72,-2.85,-5,67.05,0.04,-0.17
-0.06,0.81,-0.92,-1.85,-1.85,0.68,-1.62,-1.62,-3,67.35,0.18,-0.18
-0.06,0.75,-0.84,-1.69,-1.69,-2.32,-0.33,-0.24,0,67.5,0.28,-0.18
-0.06,0.64,-0.76,-1.52,-1.52,-4.63,0.83,0.97,1,67.65,0.32,-0.18
-0.06,0.51,-0.63,-1.26,-1.26,-5.51,1.62,1.73,3,67.8,0.29,-0.18
-0.06,0.46,-0.53,-1.06,-1.06,-4.74,1.71,1.72,3,67.95,0.17,-0.17
-0.06,0.5,-0.53,-1.06,-1.06,-2.26,1.04,0.88,1,68.1,0,-0.16
-0.06,0.61,-0.61,-1.22,-1.22,1.1,-0.23,-0.56,-1,68.4,-0.17,-0.16
-0.06,0.77,-0.75,-1.5,-1.5,4.3,-1.72,-2.19,-4,68.55,-0.29,-0.17
-0.06,0.91,-0.9,-1.79,-1.79,6.57,-2.94,-3.45,-6,68.7,-0.33,-0.18
-0.06,1.06,-1.04,-2.08,-2.08,7.55,-3.72,-4.2,-8,68.85,-0.29,-0.19
-0.06,1.19,-1.18,-2.36,-2.36,7.34,-3.99,-4.4,-8,68.85,-0.19,-0.21
-0.06,1.3,-1.31,-2.63,-2.63,5.98,-3.75,-4.04,-8,69,-0.06,-0.22
-0.06,1.36,-1.4,-2.8,-2.8,3.64,-3.1,-3.27,-6,69.3,0.06,-0.24
-0.06,1.31,-1.4,-2.79,-2.79,0.81,-2.01,-2.06,-4,69.45,0.19,-0.25
-0.06,1.2,-1.33,-2.66,-2.66,-2.15,-0.79,-0.76,-1,69.6,0.28,-0.25
-0.06,1.08,-1.18,-2.37,-2.37,-4.53,0.45,0.53,1,69.75,0.32,-0.25
-0.06,0.95,-1.06,-2.12,-2.12,-5.6,1.23,1.27,2,69.75,0.29,-0.25
-0.06,0.85,-0.95,-1.91,-1.91,-4.99,1.45,1.4,2,70.05,0.19,-0.24
-0.06,0.86,-0.9,-1.8,-1.8,-3.01,0.94,0.73,1,70.2,0.03,-0.24
-0.06,0.98,-0.98,-1.96,-1.96,0.24,-0.18,-0.55,-1,70.05,-0.13,-0.24
-0.06,1.08,-1.08,-2.15,-2.15,3.5,-1.63,-2.14,-4,70.2,-0.27,-0.24
-0.06,1.21,-1.19,-2.38,-2.38,6.18,-2.95,-3.53,-7,70.2,-0.33,-0.25
-0.06,1.39,-1.36,-2.72,-2.72,7.54,-3.88,-4.45,-8,70.35,-0.31,-0.27
-0.06,1.51,-1.52,-3.03,-3.03,7.61,-4.34,-4.86,-9,70.5,-0.23,-0.28
-0.06,1.6,-1.63,-3.25,-3.25,6.16,-4.08,-4.47,-8,70.5,-0.09,-0.3
-0.06,1.59,-1.67,-3.34,-3.34,3.89,-3.41,-3.68,-7,70.5,0.05,-0.31
-0.06,1.57,-1.63,-3.25,-3.25,0.75,-2.23,-2.37,-4,70.65,0.19,-0.32
-0.06,1.47,-1.58,-3.16,-3.16,-2.14,-0.98,-1.02,-2,70.8,0.29,-0.33
-0.06,1.35,-1.47,-2.95,-2.95,-4.7,0.26,0.26,0,70.95,0.33,-0.33
-0.06,1.22,-1.32,-2.64,-2.64,-5.67,1.05,1.02,2,71.1,0.29,-0.33
-0.06,1.23,-1.3,-2.61,-2.61,-5.86,1.37,1.26,2,71.1,0.22,-0.32
-0.06,1.14,-1.23,-2.47,-2.47,-3.76,1,0.75,1,71.4,0.06,-0.32
-0.06,1.21,-1.21,-2.42,-2.42,-0.87,0.02,-0.4,0,71.85,-0.1,-0.31
-0.06,1.35,-1.34,-2.68,-2.68,2.65,-1.46,-2.03,-4,72.15,-0.26,-0.32
-0.06,1.48,-1.46,-2.92,-2.92,5.59,-2.82,-3.47,-6,72.3,-0.33,-0.33
-0.06,1.69,-1.64,-3.28,-3.28,7.61,-4.06,-4.75,-9,72.45,-0.35,-0.34
-0.06,1.78,-1.81,-3.62,-3.62,8.17,-4.63,-5.27,-10,72.6,-0.27,-0.36
-0.06,1.88,-1.88,-3.75,-3.75,7.23,-4.69,-5.23,-10,72.9,-0.16,-0.38
-0.06,2,-2.01,-4.02,-4.02,5.22,-4.11,-4.51,-9,73.05,0,-0.4
-0.06,1.94,-2.03,-4.06,-4.06,2.35,-3.2,-3.48,-6,73.5,0.13,-0.41
-0.06,1.84,-1.94,-3.88,-3.88,-1.34,-1.77,-1.92,-3,73.5,0.27,-0.42
-0.06,1.67,-1.82,-3.65,-3.65,-4.24,-0.28,-0.35,0,73.95,0.36,-0.42
-0.06,1.55,-1.68,-3.36,-3.36,-6.69,0.87,0.81,1,74.1,0.36,-0.42
-0.06,1.35,-1.53,-3.06,-3.06,-6.98,1.64,1.53,3,74.1,0.3,-0.41
-0.06,1.29,-1.38,-2.76,-2.76,-6.33,1.57,1.31,2,74.4,0.15,-0.41
-0.06,1.26,-1.33,-2.66,-2.66,-4.32,1.17,0.79,1,74.4,0.03,-0.4
-0.06,1.29,-1.35,-2.7,-2.7,-1.28,0.06,-0.48,0,74.55,-0.14,-0.4
-0.06,1.42,-1.4,-2.79,-2.79,2.22,-1.28,-1.96,-3,74.55,-0.27,-0.41
-0.06,1.55,-1.56,-3.13,-3.13,5.18,-2.8,-3.57,-7,74.7,-0.35,-0.41
-0.06,1.76,-1.71,-3.43,-3.43,7.13,-3.86,-4.63,-9,74.85,-0.34,-0.43
-0.06,1.84,-1.88,-3.77,-3.77,7.82,-4.6,-5.34,-10,74.85,-0.29,-0.45
-0.06,1.94,-1.97,-3.95,-3.95,6.74,-4.55,-5.17,-10,75,-0.15,-0.47
-0.06,1.96,-2,-4.01,-4.01,4.53,-3.92,-4.39,-8,75.3,0,-0.48
-0.06,1.88,-2.01,-4.01,-4.01,1.39,-2.83,-3.17,-6,75.3,0.16,-0.49
-0.06,1.78,-1.9,-3.8,-3.8,-2.44,-1.31,-1.51,-3,75.3,0.3,-0.5
-0.06,1.59,-1.75,-3.49,-3.49,-5.4,0.23,0.1,0,75.3,0.37,-0.5
-0.06,1.39,-1.56,-3.12,-3.12,-7.55,1.38,1.25,2,75.3,0.37,-0.5
-0.06,1.25,-1.35,-2.7,-2.7,-8.68,2.22,2.04,4,75.45,0.31,-0.49
-0.06,1.1,-1.24,-2.48,-2.48,-7.99,2.47,2.19,4,75.45,0.21,-0.48
-0.06,1.07,-1.14,-2.29,-2.29,-5.58,1.83,1.38,2,75.45,0.02,-0.47
-0.06,1.13,-1.13,-2.25,-2.25,-2.28,0.76,0.15,0,75.45,-0.14,-0.47
-0.06,1.19,-1.22,-2.44,-2.44,2.16,-0.97,-1.76,-3,75.45,-0.32,-0.47
-0.06,1.42,-1.36,-2.71,-2.71,5.53,-2.66,-3.55,-7,75.75,-0.41,-0.48
-0.06,1.59,-1.54,-3.08,-3.08,8.53,-4.09,-5.01,-10,75.75,-0.43,-0.49
-0.06,1.75,-1.74,-3.48,-3.48,9.66,-5.13,-6.02,-12,75.75,-0.38,-0.51
-0.06,1.92,-1.93,-3.85,-3.85,9.72,-5.44,-6.23,-12,75.75,-0.25,-0.53
-0.06,2.02,-2.01,-4.02,-4.02,7.96,-5.28,-5.95,-11,75.75,-0.11,-0.56
-0.06,2.06,-2.11,-4.23,-4.23,4.89,-4.26,-4.74,-9,75.75,0.09,-0.57
-0.06,1.93,-2.09,-4.18,-4.18,1.33,-2.99,-3.34,-6,75.9,0.23,-0.59
-0.06,1.85,-1.96,-3.92,-3.92,-3.62,-1.14,-1.35,-2,75.9,0.39,-0.59
-0.06,1.64,-1.82,-3.65,-3.65,-7.3,0.85,0.75,1,75.9,0.49,-0.59
-0.06,1.42,-1.58,-3.16,-3.16,-9.39,2.1,1.96,3,75.9,0.44,-0.59
-0.06,1.23,-1.35,-2.69,-2.69,-10.77,3.02,2.82,5,75.9,0.37,-0.57
-0.06,1.01,-1.18,-2.37,-2.37,-9.81,3.3,2.98,5,75.9,0.24,-0.56
-0.06,0.91,-1.01,-2.03,-2.03,-7.42,2.65,2.13,4,75.9,0.03,-0.55
-0.06,0.91,-0.95,-1.91,-1.91,-4.1,1.63,0.96,1,75.9,-0.13,-0.54
-0.06,0.96,-1,-2,-2,0.43,-0.06,-0.92,-1,75.9,-0.32,-0.54
-0.06,1.11,-1.09,-2.19,-2.19,4.49,-1.89,-2.87,-5,75.9,-0.43,-0.55
-0.06,1.35,-1.27,-2.54,-2.54,7.84,-3.54,-4.58,-9,75.9,-0.47,-0.56
-0.06,1.56,-1.52,-3.03,-3.03,9.91,-4.81,-5.82,-11,75.9,-0.43,-0.58
-0.06,1.73,-1.72,-3.44,-3.44,11.06,-5.64,-6.59,-13,75.9,-0.35,-0.6
-0.06,1.93,-1.89,-3.78,-3.78,10.19,-5.86,-6.7,-13,75.9,-0.22,-0.62
-0.06,2.04,-2.05,-4.1,-4.1,8.15,-5.35,-6.03,-12,75.9,-0.04,-0.64
-0.06,2.05,-2.14,-4.28,-4.28,4.89,-4.39,-4.93,-9,75.9,0.12,-0.66
-0.06,1.91,-2.02,-4.04,-4.04,0.03,-2.69,-3.07,-6,75.9,0.3,-0.67
-0.06,1.77,-1.9,-3.8,-3.8,-5.45,-0.38,-0.57,-1,75.9,0.49,-0.68
-0.06,1.48,-1.69,-3.39,-3.39,-9.38,1.67,1.56,3,75.9,0.56,-0.67
-0.06,1.2,-1.41,-2.81,-2.81,-12.17,3.25,3.11,6,75.9,0.52,-0.66
-0.06,0.94,-1.11,-2.23,-2.23,-13.91,4.37,4.16,8,75.9,0.44,-0.65
-0.06,0.68,-0.84,-1.69,-1.69,-13.48,4.96,4.64,9,75.9,0.31,-0.63
-0.06,0.45,-0.61,-1.22,-1.22,-11.62,4.51,4,7,75.9,0.09,-0.61
-0.06,0.43,-0.49,-0.98,-0.98,-8.81,3.85,3.21,6,75.9,-0.05,-0.59
-0.06,0.4,-0.49,-0.99,-0.99,-2.97,2.02,1.15,2,75.9,-0.29,-0.58
-0.06,0.61,-0.58,-1.15,-1.15,2.17,-0.36,-1.44,-2,75.9,-0.5,-0.58
-0.06,0.79,-0.72,-1.45,-1.45,6.91,-2.41,-3.57,-7,75.9,-0.57,-0.59
-0.06,1.06,-0.98,-1.96,-1.96,10.57,-4.36,-5.55,-11,75.9,-0.58,-0.6
-0.06,1.32,-1.25,-2.5,-2.5,12.4,-5.7,-6.84,-13,75.9,-0.51,-0.63
-0.06,1.54,-1.52,-3.04,-3.04,12.49,-6.25,-7.25,-14,75.9,-0.35,-0.65
-0.06,1.7,-1.69,-3.37,-3.37,11.09,-6.17,-7.03,-14,75.9,-0.18,-0.68
-0.06,1.72,-1.8,-3.59,-3.59,7.33,-5.24,-5.9,-11,75.9,0.04,-0.7
-0.06,1.72,-1.8,-3.59,-3.59,1.79,-3.28,-3.69,-7,75.9,0.3,-0.71
-0.06,1.47,-1.69,-3.37,-3.37,-3.07,-1.06,-1.29,-2,75.9,0.48,-0.72
-0.06,1.24,-1.45,-2.9,-2.9,-8.49,1.1,0.95,1,75.9,0.57,-0.72
-0.06,0.94,-1.14,-2.29,-2.29,-13.46,3.57,3.52,7,75.9,0.65,-0.71
-0.06,0.6,-0.84,-1.68,-1.68,-15.9,5.34,5.26,10,75.9,0.6,-0.69
-0.06,0.25,-0.49,-0.98,-0.98,-16.48,6.11,5.88,11,75.9,0.43,-0.66
-0.06,-0.01,-0.2,-0.39,-0.39,-16.08,6.46,6.1,12,75.9,0.27,-0.64
-0.06,-0.24,0.08,0.17,0.17,-12.75,5.97,5.41,10,75.9,0.06,-0.61
-0.06,-0.28,0.2,0.4,0.4,-7.76,4.31,3.51,7,75.9,-0.22,-0.59
-0.06,-0.16,0.17,0.33,0.33,-1.43,2.05,1.02,2,75.9,-0.45,-0.58
-0.06,0.1,-0.02,-0.05,-0.05,5.98,-0.91,-2.16,-4,75.9,-0.66,-0.58
-0.06,0.49,-0.37,-0.75,-0.75,12.39,-4.09,-5.48,-10,75.9,-0.8,-0.6
-0.06,0.86,-0.73,-1.47,-1.47,16.94,-6.5,-7.9,-15,75.9,-0.78,-0.62
-0.06,1.31,-1.15,-2.31,-2.31,20.61,-8.51,-9.86,-19,75.9,-0.7,-0.65
-0.06,1.77,-1.6,-3.19,-3.19,21.84,-9.9,-11.15,-22,75.9,-0.56,-0.69
-0.06,2.14,-2.03,-4.05,-4.05,21.23,-10.32,-11.39,-22,75.9,-0.34,-0.73
-0.06,2.42,-2.36,-4.72,-4.72,18.17,-9.93,-10.81,-21,75.9,-0.11,-0.77
-0.06,2.5,-2.55,-5.1,-5.1,11.86,-8.2,-8.8,-17,75.9,0.2,-0.8
-0.06,2.38,-2.54,-5.09,-5.09,3.73,-5.18,-5.46,-10,75.9,0.55,-0.83
-0.06,2.08,-2.31,-4.62,-4.62,-4.55,-1.67,-1.71,-3,75.9,0.8,-0.84
-0.06,1.69,-1.94,-3.88,-3.88,-12.53,1.88,1.98,3,75.9,0.93,-0.84
-0.06,1.23,-1.47,-2.94,-2.94,-19.88,5.37,5.55,11,75.9,1,-0.82
-0.06,0.7,-1.01,-2.02,-2.02,-24.7,8.29,8.45,16,75.9,0.95,-0.79
-0.06,0.15,-0.45,-0.91,-0.91,-26.32,9.97,9.95,19,75.9,0.74,-0.75
-0.06,-0.37,0.06,0.13,0.13,-26.07,10.62,10.39,20,75.9,0.47,-0.71
-0.06,-0.75,0.49,0.98,0.98,-22.99,10.36,9.89,19,75.9,0.19,-0.67
-0.06,-0.96,0.78,1.57,1.57,-17.48,8.83,8.06,16,75.9,-0.14,-0.63
-0.06,-0.95,0.92,1.84,1.84,-9.46,6.25,5.18,10,75.9,-0.46,-0.6
-0.06,-0.72,0.79,1.58,1.58,0.17,2.54,1.17,2,75.9,-0.79,-0.59
-0.06,-0.35,0.53,1.06,1.06,9.87,-1.64,-3.26,-6,75.9,-1.03,-0.59
-0.06,0.15,0.08,0.16,0.16,18.12,-5.61,-7.34,-14,75.9,-1.12,-0.61
-0.06,0.71,-0.46,-0.93,-0.93,24.55,-9.02,-10.75,-21,75.9,-1.09,-0.64
-0.06,1.3,-1.04,-2.08,-2.08,28.74,-11.6,-13.23,-26,75.9,-0.95,-0.68
-0.06,1.96,-1.61,-3.23,-3.23,29.57,-13.16,-14.61,-29,75.9,-0.72,-0.74
-0.06,2.55,-2.41,-4.81,-4.81,27.59,-13.45,-14.61,-29,75.9,-0.38,-0.79
-0.06,2.79,-2.76,-5.52,-5.52,22.87,-12.5,-13.39,-26,75.9,-0.05,-0.84
-0.06,2.91,-2.92,-5.85,-5.85,13.71,-9.87,-10.38,-20,75.9,0.37,-0.88
-0.06,2.73,-2.91,-5.82,-5.82,2.25,-5.53,-5.61,-11,75.9,0.83,-0.91
-0.06,2.4,-2.65,-5.31,-5.31,-8.31,-0.83,-0.61,-1,75.9,1.13,-0.92
-0.06,1.84,-2.17,-4.35,-4.35,-17.79,3.49,3.81,7,75.9,1.23,-0.91
-0.06,1.17,-1.57,-3.14,-3.14,-26.8,7.72,8.1,16,75.9,1.26,-0.88
-0.06,0.5,-0.9,-1.81,-1.81,-33.76,11.56,11.94,23,75.9,1.22,-0.84
-0.06,-0.25,-0.16,-0.33,-0.33,-36.1,14.09,14.3,28,75.9,0.99,-0.79
-0.06,-0.91,0.55,1.09,1.09,-35.26,14.8,14.69,29,75.9,0.61,-0.73
-0.06,-1.37,1.11,2.22,2.22,-31.41,14.45,14.03,28,75.9,0.25,-0.67
-0.06,-1.63,1.44,2.88,2.88,-22.74,12.18,11.34,22,75.9,-0.22,-0.62
-0.06,-1.63,1.62,3.23,3.23,-11.71,8.24,6.95,13,75.9,-0.71,-0.58
-0.06,-1.37,1.46,2.92,2.92,0.28,3.51,1.88,3,75.9,-1.07,-0.56
-0.06,-0.86,1.11,2.23,2.23,13.25,-1.81,-3.73,-7,75.9,-1.35,-0.56
-0.06,-0.18,0.45,0.9,0.9,25.54,-7.48,-9.6,-19,75.9,-1.53,-0.59
-0.06,0.56,-0.29,-0.59,-0.59,34.35,-12.44,-14.59,-29,75.9,-1.53,-0.63
-0.06,1.37,-1.07,-2.14,-2.14,39.43,-15.75,-17.73,-35,75.9,-1.29,-0.69
-0.06,2.23,-1.9,-3.81,-3.81,41.41,-17.89,-19.62,-39,75.9,-0.97,-0.76
-0.06,2.95,-2.64,-5.29,-5.29,39.32,-18.45,-19.85,-39,75.9,-0.57,-0.83
-0.06,3.36,-3.27,-6.54,-6.54,33.22,-17.38,-18.39,-36,75.9,-0.11,-0.9
-0.06,3.5,-3.52,-7.04,-7.04,21.57,-14.05,-14.58,-29,75.9,0.44,-0.96
-0.06,3.35,-3.52,-7.05,-7.05,5.57,-8.37,-8.3,-16,75.9,1.07,-1
-0.06,2.79,-3.14,-6.27,-6.27,-11.38,-1.37,-0.8,-1,75.9,1.58,-1.02
-0.06,2.01,-2.48,-4.96,-4.96,-27.82,5.97,6.87,13,75.9,1.91,-1
-0.06,0.98,-1.55,-3.1,-3.1,-40.73,12.66,13.67,27,75.9,1.97,-0.96
-0.06,-0.2,-0.55,-1.09,-1.09,-50.17,17.93,18.84,37,75.9,1.8,-0.89
-0.06,-1.36,0.68,1.36,1.36,-56.44,22,22.71,45,75.9,1.51,-0.81
-0.06,-2.26,1.67,3.35,3.35,-58.69,24.65,25.1,50,75.9,1.16,-0.71
-0.06,-3.2,2.75,5.5,5.5,-54.61,25.21,25.24,50,75.9,0.64,-0.61
-0.06,-3.54,3.35,6.7,6.7,-42.11,22.48,21.88,43,75.9,-0.08,-0.52
-0.06,-3.61,3.55,7.1,7.1,-22.55,16.01,14.57,29,75.9,-0.99,-0.45
-0.06,-3.38,3.46,6.92,6.92,-0.71,7.42,5.22,10,75.9,-1.8,-0.41
-0.06,-2.74,3.06,6.13,6.13,19.56,-1.48,-4.16,-8,75.9,-2.28,-0.41
-0.06,-1.84,2.3,4.6,4.6,35.85,-9.44,-12.27,-24,75.9,-2.39,-0.43
-0.06,-0.55,1.09,2.18,2.18,50.25,-16.39,-19.15,-38,75.9,-2.27,-0.49
-0.06,0.79,-0.15,-0.29,-0.29,60.74,-22.6,-25.26,-50,75.9,-2.09,-0.58
-0.06,2.65,-1.48,-2.95,-2.95,66.36,-26.89,-29.26,-58,75.9,-1.7,-0.68
-0.06,4.05,-3.49,-6.97,-6.97,64.76,-29.38,-31.3,-62,75.9,-1.13,-0.79
-0.06,4.74,-4.5,-9.01,-9.01,56.96,-28.26,-29.56,-59,75.9,-0.4,-0.91
-0.06,5.15,-5.05,-10.09,-10.09,41.56,-24.14,-24.73,-49,75.9,0.42,-1.01
-0.06,5.09,-5.24,-10.49,-10.49,19.24,-16.63,-16.38,-32,75.9,1.34,-1.08
-0.06,4.47,-4.92,-9.85,-9.85,-7.06,-6.49,-5.41,-10,75.9,2.2,-1.12
-0.06,3.31,-4.02,-8.03,-8.03,-33.88,5.04,6.77,13,75.9,2.84,-1.11
-0.06,1.61,-2.62,-5.24,-5.24,-57.93,16.47,18.55,37,75.9,3.15,-1.06
-0.06,-0.55,-0.61,-1.23,-1.23,-78.53,26.92,29.08,58,75.9,3.12,-0.96
-0.06,-2.71,1.51,3.02,3.02,-95.95,36.34,38.47,76,75.9,2.95,-0.83
-0.06,-4.22,3.4,6.8,6.8,-107.34,43.74,45.67,91,75.9,2.59,-0.66
-0.06,-6,5.12,10.24,10.24,-108.4,47.91,49.36,98,75.9,1.93,-0.47
-0.06,-7.23,6.57,13.14,13.14,-95.6,46.77,47.3,94,75.9,0.81,-0.29
-0.06,-7.89,7.58,15.15,15.15,-69.45,39.62,38.84,77,75.9,-0.66,-0.12
-0.06,-8.59,8.13,16.26,16.26,-39.14,28.03,25.95,51,75.9,-2.09,0
-0.06,-8.83,8.76,17.52,17.52,-17.02,17.77,15.11,30,75.9,-2.75,0.08
-0.06,-8.34,8.66,17.33,17.33,1.49,10.17,7.6,15,75.9,-2.7,0.13
-0.06,-7.43,7.83,15.66,15.66,25.09,1.22,-1.43,-2,75.9,-2.79,0.15
-0.06,-6.36,6.87,13.73,13.73,49.16,-9.61,-12.58,-25,75.9,-3.09,0.12
-0.06,-5.01,5.67,11.35,11.35,64.7,-18.77,-21.71,-43,75.9,-2.99,0.06
-0.06,-3.73,4.36,8.71,8.71,68.95,-23.77,-26.13,-52,75.9,-2.33,-0.04
-0.06,-2.34,3.12,6.23,6.23,64.1,-24.58,-26.07,-52,75.9,-1.35,-0.13
-0.06,-1.66,1.79,3.59,3.59,48.79,-21.69,-22.15,-44,75.9,-0.24,-0.22
-0.06,-1.68,1.5,3.01,3.01,23.5,-13.67,-12.92,-25,75.9,1.04,-0.29
-0.06,-2.27,1.85,3.71,3.71,-5.45,-2.06,-0.15,0,75.9,2.22,-0.31
-0.06,-3.32,2.68,5.35,5.35,-31.86,9.68,12.28,24,75.9,2.88,-0.28
-0.06,-4.93,3.93,7.87,7.87,-59.05,21.28,24.29,48,75.9,3.22,-0.21
-0.06,-7.37,6.07,12.13,12.13,-85.31,33.81,37.18,74,75.9,3.45,-0.09
-0.06,-9.22,8.41,16.82,16.82,-107.99,45.72,49.28,98,75.9,3.47,0.08
-0.06,-11.42,10.12,20.25,20.25,-121.11,54.48,57.87,115,75.9,3.1,0.29
-0.06,-13.16,12.34,24.67,24.67,-123.09,59.31,62.11,124,75.9,2.27,0.52
-0.06,-14.62,13.74,27.49,27.49,-111.88,58.62,60.46,120,75.9,1.08,0.76
-0.06,-15.21,15.02,30.04,30.04,-91.25,52.98,53.65,107,75.9,-0.3,0.98
-0.06,-15.26,14.92,29.85,29.85,-65.47,43.44,43.08,86,75.9,-1.52,1.16
-0.06,-15.79,15.59,31.19,31.19,-38.6,33.3,32.19,64,75.9,-2.41,1.3
-0.06,-15.4,15.55,31.09,31.09,-8.78,22.16,20.55,41,75.9,-3.01,1.4
-0.06,-14.03,14.95,29.89,29.89,22.86,9.04,6.91,13,75.9,-3.59,1.45
-0.06,-12.71,13.2,26.39,26.39,50.25,-4.39,-6.77,-13,75.9,-3.83,1.45
-0.06,-11.19,11.98,23.96,23.96,68.69,-14.72,-16.92,-33,75.9,-3.6,1.4
-0.06,-9.45,10.23,20.46,20.46,76.37,-21.42,-22.98,-45,75.9,-2.88,1.32
-0.06,-8.23,8.59,17.18,17.18,71.59,-23.36,-23.92,-47,75.9,-1.79,1.23
-0.06,-8.06,7.99,15.97,15.97,52.87,-19.3,-18.56,-37,75.9,-0.41,1.15
-0.06,-8.09,7.73,15.46,15.46,19.59,-8.81,-6.43,-12,75.9,1.28,1.1
-0.06,-8.96,8.41,16.82,16.82,-16.61,6.28,10.21,20,75.9,2.82,1.11
-0.06,-10.32,9.45,18.9,18.9,-47.74,20.68,25.44,50,75.9,3.59,1.18
-0.06,-12.6,11.22,22.45,22.45,-77.6,33.99,39.12,78,75.9,3.82,1.3
-0.06,-15.04,13.99,27.98,27.98,-108.39,48.37,53.85,107,75.9,4,1.48
-0.06,-17.53,16.05,32.11,32.11,-135.07,62,67.79,135,75.9,4.08,1.71
-0.06,-20.01,18.66,37.32,37.32,-147.28,72.32,77.88,153,75.9,3.58,1.99
-0.06,-22.02,21.07,42.14,42.14,-144.34,75.73,80.34,156,75.9,2.32,2.29
-0.06,-23.34,22.68,45.36,45.36,-134.59,74.06,77.62,153,75.9,0.97,2.59
-0.06,-25.39,24.21,48.41,48.41,-122.45,70.96,73.8,147,75.9,-0.03,2.87
-0.06,-27.25,26.45,52.91,52.91,-104.05,66.87,69.15,138,75.9,-0.86,3.14
-0.06,-27.95,27.61,55.22,55.22,-75.9,58.64,60.21,120,75.9,-1.82,3.39
-0.06,-28.4,28.16,56.33,56.33,-40.18,45.85,46.47,92,75.9,-2.96,3.58
-0.06,-28.21,28.48,56.97,56.97,-7.44,31.97,31.94,63,75.9,-3.76,3.72
-0.06,-27.44,27.69,55.37,55.37,19.61,19.46,19.36,38,75.9,-3.91,3.81
-0.06,-26.53,26.93,53.87,53.87,39.82,9.29,9.47,18,75.9,-3.68,3.86
-0.06,-25.59,26.05,52.1,52.1,51.34,2.03,2.79,5,75.9,-3.11,3.88
-0.06,-25,25.16,50.32,50.32,50.01,-0.79,0.95,1,75.9,-2.14,3.88
-0.06,-24.87,24.84,49.69,49.69,36.83,1.97,5.01,10,75.9,-0.84,3.88
-0.06,-25.04,24.82,49.64,49.64,15.25,9.14,13.57,27,75.9,0.52,3.91
-0.06,-25.86,25.3,50.6,50.6,-10.5,19.17,24.82,49,75.9,1.68,3.97
-0.06,-27.35,26.46,52.92,52.92,-37.06,30.69,37.26,74,75.9,2.49,4.08
-0.06,-29.05,28.12,56.23,56.23,-62.54,42.59,49.82,99,75.9,2.98,4.24
-0.06,-30.9,29.84,59.69,59.69,-81.06,52.99,60.48,120,75.9,3.04,4.44
-0.06,-32.8,31.79,63.58,63.58,-94.77,60.75,68.11,136,75.9,2.69,4.68
-0.06,-34.54,33.58,67.15,67.15,-101.65,66.7,73.87,147,75.9,2.24,4.94
-0.06,-35.07,34.86,69.72,69.72,-97.83,68.19,74.78,149,75.9,1.38,5.21
-0.06,-36.39,35.71,71.41,71.41,-88.75,66.09,71.99,143,75.9,0.43,5.47
-0.06,-37.7,37.09,74.17,74.17,-74.06,62.55,67.87,135,75.9,-0.4,5.73
-0.06,-38.49,38.03,76.06,75,-54.67,55.9,60.63,121,75.9,-1.23,5.96
-0.06,-38.67,38.52,77.04,75,-31.61,47.5,51.73,103,75.9,-1.92,6.16
-0.06,-38.54,38.66,77.33,75,-6.2,37.48,41.23,82,75.9,-2.57,6.32
-0.06,-38.17,38.32,76.64,75,15.14,27.91,31.46,62,75.9,-2.88,6.44
-0.06,-37.61,37.79,75.58,75,28.66,20.79,24.61,49,75.9,-2.71,6.53
-0.06,-37.02,37.35,74.7,74.7,33.36,17.03,21.5,43,75.9,-2.12,6.6
-0.06,-36.76,36.73,73.46,73.46,29.06,16.48,21.88,43,75.9,-1.26,6.66
-0.06,-37.06,36.78,73.57,73.57,16.93,19.84,26.3,52,75.9,-0.28,6.74
-0.06,-37.69,37.3,74.61,74.61,-2.02,26.61,34.18,68,75.9,0.74,6.84
-0.06,-38.54,37.99,75.98,75,-22.65,35.02,43.59,87,75.9,1.61,6.97
-0.06,-39.8,39.08,78.16,75,-39.85,42.71,51.89,103,75.9,2.04,7.13
-0.06,-41.09,40.4,80,75,-52.92,48.76,58.15,116,75.9,2.06,7.32
-0.06,-42.16,41.55,80,75,-60.83,53.07,62.43,124,75.9,1.83,7.53
-0.06,-42.76,42.64,80,75,-60.85,54.81,63.88,127,75.9,1.33,7.75
-0.06,-42.59,42.39,80,75,-53.3,53.05,61.55,123,75.9,0.54,7.96
-0.06,-43.18,42.78,80,75,-45.27,49.63,57.48,114,75.9,-0.16,8
-0.06,-43.71,43.49,80,75,-35.77,46.43,53.88,107,75.9,-0.55,8
-0.06,-43.86,43.8,80,75,-21.5,41.69,48.68,97,75.9,-1,8
-0.06,-43.82,43.76,80,75,-4.29,35.17,41.65,83,75.9,-1.52,8
-0.06,-43.54,43.61,80,75,10.41,28.56,34.72,69,75.9,-1.84,8
-0.06,-43.23,43.35,80,75,19.41,23.68,29.9,59,75.9,-1.78,8
-0.06,-42.89,42.97,80,75,20.93,21.55,28.2,56,75.9,-1.35,8
-0.06,-43.05,42.87,80,75,14.68,22.48,29.81,59,75.9,-0.67,8
-0.06,-43.53,43.21,80,75,1.38,26.52,34.7,69,75.9,0.18,8
-0.06,-43.97,43.67,80,75,-14.16,32.6,41.56,83,75.9,0.97,8
-0.06,-44.99,44.37,80,75,-27.26,38.46,47.86,95,75.9,1.4,8
-0.06,-46.11,44.93,80,75,-36.64,40.9,50.37,100,75.9,1.47,8
-0.06,-47.14,44.93,80,75,-43.64,40.9,50.37,100,75.9,1.47,8
-0.06,-48.2,44.93,80,75,-47.4,40.9,50.37,100,75.9,1.47,8
-0.06,-49.34,44.93,80,75,-46.5,40.9,50.37,100,75.9,1.47,8
