0,-0.03,0.04,0.09,0.09,-0.02,0.04,0.09,0,0,-0.01,0.06
0,-0.04,0.04,0.09,0.09,-0.03,0.04,0.1,0,0.9,0,0.06
0,-0.03,0.03,0.09,0.09,-0.04,0.05,0.11,0,1.8,0,0.06
0,-0.04,0.03,0.09,0.09,-0.04,0.05,0.11,0,2.25,0,0.06
0,-0.04,0.04,0.09,0.09,-0.03,0.05,0.11,0,3.15,0,0.06
0,-0.03,0.03,0.09,0.09,-0.04,0.05,0.11,0,3.45,0,0.06
0,-0.04,0.04,0.09,0.09,-0.04,0.05,0.11,0,5.4,0,0.06
0,-0.04,0.04,0.09,0.09,-0.04,0.05,0.11,0,5.85,0,0.06
0,-0.04,0.04,0.09,0.09,-0.07,0.06,0.13,0,8.1,0.01,0.06
0,-0.04,0.04,0.09,0.09,-0.05,0.06,0.13,0,10.65,0.01,0.06
0,-0.04,0.04,0.1,0.1,-0.03,0.05,0.12,0,11.85,0,0.06
0,-0.04,0.04,0.09,0.09,-0.01,0.04,0.1,0,13.2,-0.01,0.06
0,-0.04,0.04,0.09,0.09,0,0.04,0.09,0,13.35,-0.01,0.07
0,-0.04,0.04,0.09,0.09,-0.02,0.04,0.1,0,14.7,-0.01,0.07
0,-0.04,0.04,0.09,0.09,-0.05,0.05,0.12,0,16.5,0,0.07
0,-0.04,0.04,0.09,0.09,-0.06,0.06,0.14,0,16.95,0.01,0.07
0,-0.04,0.04,0.1,0.1,-0.07,0.06,0.14,0,16.95,0.01,0.07
0,-0.04,0.04,0.1,0.1,-0.08,0.07,0.16,0,16.95,0.01,0.07
0,-0.04,0.04,0.1,0.1,-0.05,0.07,0.14,0,16.95,0.01,0.07
0,-0.04,0.04,0.1,0.1,0,0.05,0.11,0,18.75,-0.01,0.07
0,-0.04,0.04,0.1,0.1,0.01,0.04,0.09,0,19.8,-0.02,0.07
0,-0.04,0.04,0.11,0.11,0,0.04,0.09,0,20.25,-0.02,0.07
0,-0.04,0.04,0.1,0.1,-0.01,0.04,0.11,0,20.4,-0.01,0.07
0,-0.05,0.04,0.11,0.11,-0.04,0.05,0.13,0,21.3,0,0.07
0,-0.03,0.04,0.09,0.09,-0.06,0.05,0.14,0,22.05,0.01,0.07
0,-0.06,0.04,0.11,0.11,-0.14,0.08,0.17,0,22.95,0.02,0.08
0,-0.04,0.05,0.14,0.14,-0.34,0.15,0.3,0,23.7,0.07,0.08
0,-0.05,0.05,0.14,0.14,-0.5,0.22,0.41,0,24,0.11,0.08
0,-0.06,0.06,0.15,0.15,-0.66,0.3,0.53,1,24.75,0.15,0.08
0,-0.07,0.06,0.16,0.16,-0.57,0.32,0.54,1,26.25,0.13,0.09
0,-0.07,0.07,0.17,0.17,-0.42,0.26,0.41,0,26.55,0.05,0.09
0,-0.07,0.08,0.2,0.2,-0.2,0.21,0.29,0,27,-0.02,0.1
0,-0.06,0.07,0.18,0.18,0.07,0.09,0.09,0,27.45,-0.11,0.1
0,-0.06,0.06,0.15,0.15,0.18,0,-0.05,0,27.45,-0.15,0.1
0,-0.06,0.06,0.15,0.15,0.13,-0.01,-0.03,0,27.45,-0.12,0.1
0,-0.06,0.06,0.15,0.15,0.07,0.02,0.05,0,27.45,-0.07,0.1
0,-0.06,0.06,0.15,0.15,-0.05,0.05,0.12,0,27.45,-0.03,0.1
0,-0.05,0.05,0.12,0.12,-0.08,0.08,0.2,0,27.45,0.01,0.1
0,-0.07,0.06,0.16,0.16,-0.15,0.1,0.22,0,27.45,0.01,0.1
0,-0.07,0.07,0.17,0.17,-0.19,0.15,0.3,0,27.45,0.04,0.1
0,-0.08,0.07,0.18,0.18,-0.27,0.16,0.31,0,27.45,0.04,0.11
0,-0.07,0.07,0.17,0.17,-0.21,0.19,0.36,0,27.45,0.06,0.11
0,-0.07,0.07,0.19,0.19,-0.02,0.11,0.2,0,27.45,-0.02,0.11
0,-0.06,0.07,0.17,0.17,0.17,0.04,0.08,0,27.45,-0.07,0.11
0,-0.05,0.06,0.15,0.15,0.29,-0.03,-0.03,0,27.45,-0.11,0.11
0,-0.05,0.05,0.12,0.12,0.37,-0.09,-0.1,0,27.45,-0.12,0.11
0,-0.05,0.05,0.12,0.12,0.29,-0.09,-0.08,0,27.45,-0.1,0.11
0,-0.05,0.05,0.13,0.13,0.08,-0.03,0.06,0,27.45,-0.02,0.11
0,-0.05,0.05,0.11,0.11,-0.13,0.06,0.22,0,27.45,0.06,0.11
0,-0.06,0.05,0.13,0.13,-0.37,0.16,0.39,0,27.45,0.12,0.11
0,-0.08,0.07,0.17,0.17,-0.51,0.25,0.53,1,27.45,0.16,0.12
0,-0.08,0.07,0.18,0.18,-0.41,0.27,0.53,1,27.45,0.14,0.12
0,-0.08,0.09,0.21,0.21,-0.22,0.21,0.38,0,27.45,0.05,0.12
0,-0.07,0.08,0.2,0.2,0.05,0.12,0.2,0,27.45,-0.04,0.12
0,-0.05,0.06,0.15,0.15,0.39,-0.03,-0.04,0,27.45,-0.14,0.13
0,-0.04,0.05,0.12,0.12,0.58,-0.16,-0.25,0,27.45,-0.21,0.12
0,-0.03,0.03,0.08,0.08,0.52,-0.19,-0.25,0,27.45,-0.18,0.12
0,-0.03,0.03,0.08,0.08,0.38,-0.15,-0.14,0,27.45,-0.1,0.12
0,-0.04,0.04,0.09,0.09,0.09,-0.07,0.04,0,27.45,-0.01,0.12
0,-0.05,0.04,0.11,0.11,-0.31,0.09,0.33,0,27.45,0.12,0.12
0,-0.06,0.05,0.14,0.14,-0.56,0.24,0.57,1,27.45,0.21,0.12
0,-0.08,0.07,0.17,0.17,-0.68,0.32,0.66,1,27.45,0.22,0.12
0,-0.09,0.08,0.21,0.21,-0.59,0.35,0.66,1,27.45,0.18,0.13
0,-0.08,0.09,0.21,0.21,-0.31,0.28,0.49,0,27.45,0.08,0.13
0,-0.08,0.09,0.22,0.22,0.08,0.13,0.2,0,27.45,-0.07,0.14
0,-0.06,0.07,0.17,0.17,0.43,-0.04,-0.08,0,27.45,-0.18,0.14
0,-0.04,0.05,0.13,0.13,0.68,-0.18,-0.28,0,27.45,-0.24,0.13
0,-0.03,0.03,0.08,0.08,0.66,-0.25,-0.35,0,27.45,-0.23,0.13
0,-0.03,0.03,0.08,0.08,0.35,-0.18,-0.17,0,27.45,-0.12,0.13
0,-0.04,0.04,0.09,0.09,-0.04,-0.03,0.13,0,27.45,0.03,0.13
0,-0.06,0.05,0.12,0.12,-0.45,0.15,0.45,0,27.45,0.17,0.13
0,-0.08,0.07,0.18,0.18,-0.83,0.33,0.73,1,27.45,0.27,0.13
0,-0.09,0.08,0.21,0.21,-0.9,0.44,0.87,1,27.45,0.29,0.14
0,-0.1,0.09,0.23,0.23,-0.71,0.43,0.77,1,27.45,0.2,0.15
0,-0.09,0.1,0.24,0.24,-0.25,0.3,0.5,0,27.45,0.05,0.15
0,-0.06,0.08,0.19,0.19,0.39,0.05,0.04,0,27.45,-0.16,0.15
0,-0.04,0.05,0.13,0.13,0.9,-0.22,-0.41,0,27.45,-0.34,0.15
0,-0.02,0.03,0.07,0.07,1.05,-0.38,-0.6,-1,27.45,-0.37,0.15
0,-0.01,0.01,0.02,0.02,0.9,-0.4,-0.56,-1,27.45,-0.29,0.14
0,-0.02,0.01,0.03,0.03,0.32,-0.25,-0.2,0,27.45,-0.09,0.13
0,-0.04,0.03,0.07,0.07,-0.4,0.04,0.34,0,27.45,0.16,0.13
0,-0.07,0.05,0.12,0.12,-1.02,0.34,0.84,1,27.45,0.36,0.14
0,-0.1,0.09,0.21,0.21,-1.41,0.59,1.18,2,27.45,0.45,0.15
0,-0.12,0.11,0.28,0.28,-1.39,0.7,1.27,2,27.45,0.42,0.16
0,-0.13,0.12,0.31,0.31,-1.06,0.62,1.04,2,27.45,0.25,0.17
0,-0.13,0.14,0.34,0.34,-0.6,0.47,0.7,1,27.45,0.06,0.17
0,-0.12,0.13,0.32,0.32,-0.01,0.25,0.29,0,27.45,-0.14,0.18
0,-0.11,0.11,0.28,0.28,0.51,0,-0.12,0,27.45,-0.3,0.18
0,-0.09,0.1,0.24,0.24,0.79,-0.17,-0.36,0,27.45,-0.37,0.18
0,-0.08,0.08,0.21,0.21,0.88,-0.27,-0.45,0,27.45,-0.36,0.17
0,-0.09,0.08,0.21,0.21,0.56,-0.22,-0.28,0,27.45,-0.23,0.17
0,-0.09,0.09,0.22,0.22,0,-0.03,0.12,0,27.45,-0.02,0.17
0,-0.11,0.1,0.25,0.25,-0.6,0.22,0.58,1,27.45,0.19,0.17
0,-0.13,0.12,0.31,0.31,-1.05,0.46,0.97,1,27.45,0.33,0.18
0,-0.16,0.14,0.36,0.36,-1.21,0.62,1.17,2,27.45,0.37,0.19
0,-0.16,0.16,0.4,0.4,-0.94,0.62,1.08,2,27.45,0.27,0.2
0,-0.15,0.16,0.41,0.41,-0.29,0.42,0.66,1,27.45,0.04,0.2
0,-0.13,0.15,0.37,0.37,0.46,0.11,0.1,0,27.45,-0.22,0.21
0,-0.09,0.1,0.26,0.26,1.14,-0.22,-0.43,0,27.45,-0.42,0.2
0,-0.06,0.07,0.18,0.18,1.42,-0.47,-0.77,-1,27.45,-0.5,0.2
0,-0.05,0.05,0.12,0.12,1.23,-0.5,-0.71,-1,27.45,-0.4,0.19
0,-0.05,0.05,0.12,0.12,0.57,-0.34,-0.31,0,27.45,-0.16,0.18
0,-0.09,0.07,0.17,0.17,-0.38,0.03,0.37,0,27.45,0.16,0.18
0,-0.12,0.1,0.25,0.25,-1.29,0.45,1.09,2,27.45,0.46,0.19
0,-0.15,0.14,0.34,0.34,-1.73,0.77,1.56,3,27.45,0.59,0.2
0,-0.18,0.17,0.43,0.43,-1.76,0.89,1.63,3,27.45,0.53,0.21
0,-0.2,0.19,0.48,0.48,-1.37,0.83,1.4,2,27.45,0.34,0.22
0,-0.19,0.2,0.5,0.5,-0.63,0.63,0.94,1,27.45,0.08,0.23
0,-0.18,0.19,0.48,0.48,0.28,0.25,0.24,0,27.45,-0.25,0.24
0,-0.15,0.16,0.41,0.41,1,-0.1,-0.32,0,27.45,-0.46,0.24
0,-0.1,0.12,0.31,0.31,1.51,-0.39,-0.73,-1,27.45,-0.57,0.23
0,-0.08,0.09,0.22,0.22,1.52,-0.55,-0.86,-1,27.45,-0.54,0.23
0,-0.08,0.08,0.2,0.2,0.95,-0.44,-0.53,-1,27.45,-0.32,0.22
0,-0.09,0.09,0.21,0.21,0.02,-0.12,0.12,0,27.6,0.02,0.22
0,-0.14,0.11,0.27,0.27,-0.94,0.3,0.87,1,28.2,0.35,0.22
0,-0.18,0.17,0.41,0.41,-1.78,0.73,1.54,3,32.4,0.59,0.23
0,-0.22,0.2,0.51,0.51,-2.01,1,1.89,3,35.55,0.65,0.24
0,-0.24,0.23,0.58,0.58,-1.65,0.99,1.72,3,37.5,0.47,0.26
0,-0.24,0.24,0.6,0.6,-0.8,0.75,1.17,2,40.65,0.15,0.27
0,-0.2,0.22,0.55,0.55,0.31,0.33,0.38,0,41.85,-0.23,0.28
0,-0.17,0.18,0.46,0.46,1.31,-0.16,-0.44,0,44.7,-0.56,0.28
0,-0.12,0.14,0.36,0.36,1.87,-0.52,-0.94,-1,45.15,-0.7,0.27
0,-0.09,0.11,0.28,0.28,1.91,-0.67,-1.05,-2,45.15,-0.64,0.26
0,-0.09,0.09,0.23,0.23,1.4,-0.6,-0.77,-1,45.15,-0.42,0.25
0,-0.12,0.1,0.24,0.24,0.18,-0.25,-0.04,0,45.15,-0.03,0.24
0,-0.17,0.13,0.33,0.33,-1.25,0.36,1.07,2,45.15,0.47,0.25
0,-0.22,0.18,0.46,0.46,-2.22,0.91,1.94,3,45.15,0.78,0.26
0,-0.27,0.24,0.6,0.6,-2.64,1.24,2.35,4,45.15,0.83,0.28
0,-0.29,0.28,0.7,0.7,-2.45,1.33,2.31,4,45.15,0.69,0.3
0,-0.3,0.29,0.73,0.73,-1.66,1.14,1.82,3,45.15,0.36,0.32
0,-0.29,0.29,0.74,0.74,-0.41,0.72,0.97,1,45.15,-0.08,0.33
0,-0.26,0.27,0.68,0.68,0.94,0.16,-0.02,0,45.15,-0.52,0.33
0,-0.21,0.23,0.57,0.57,1.98,-0.38,-0.88,-1,45.15,-0.82,0.33
0,-0.14,0.17,0.42,0.42,2.35,-0.74,-1.3,-2,45.15,-0.88,0.32
0,-0.09,0.1,0.26,0.26,1.83,-0.78,-1.13,-2,45.15,-0.66,0.31
0,-0.1,0.09,0.22,0.22,0.45,-0.41,-0.28,0,45.15,-0.18,0.3
0,-0.17,0.12,0.3,0.3,-1.46,0.31,1.05,2,45.15,0.44,0.3
0,-0.27,0.21,0.52,0.52,-3.32,1.18,2.51,5,45.15,1.01,0.32
0,-0.4,0.32,0.81,0.81,-4.47,1.92,3.57,7,45.15,1.3,0.34
0,-0.52,0.46,1.14,1.14,-4.82,2.36,4,7,45.15,1.26,0.38
0,-0.6,0.57,1.42,1.42,-4.27,2.43,3.78,7,45.15,0.94,0.41
0,-0.63,0.63,1.57,1.57,-2.93,2.1,2.93,5,45.15,0.39,0.45
0,-0.61,0.63,1.58,1.58,-1.14,1.46,1.69,3,45.15,-0.24,0.47
0,-0.54,0.58,1.45,1.45,0.86,0.64,0.29,0,45.15,-0.84,0.48
0,-0.44,0.49,1.23,1.23,2.63,-0.24,-1.07,-2,45.15,-1.32,0.48
0,-0.33,0.39,0.98,0.98,3.46,-0.89,-1.9,-3,45.15,-1.48,0.47
0,-0.26,0.29,0.73,0.73,2.97,-1.06,-1.8,-3,45.15,-1.2,0.46
0,-0.29,0.27,0.68,0.68,1.26,-0.63,-0.73,-1,45.15,-0.54,0.44
0,-0.37,0.33,0.81,0.81,-1.36,0.31,1.1,2,45.15,0.34,0.44
0,-0.5,0.44,1.1,1.1,-4.25,1.57,3.26,6,45.15,1.23,0.46
0,-0.65,0.58,1.44,1.44,-6.57,2.79,5.15,10,45.15,1.86,0.5
0,-0.79,0.72,1.8,1.8,-7.75,3.65,6.24,12,45.15,2.04,0.55
0,-0.9,0.85,2.11,2.11,-7.62,3.98,6.35,12,45.15,1.75,0.61
0,-0.95,0.92,2.31,2.31,-6.31,3.76,5.52,11,45.15,1.09,0.67
0,-0.98,0.96,2.4,2.4,-4.31,3.11,4.09,8,45.15,0.26,0.72
0,-0.96,0.97,2.42,2.42,-1.7,2.21,2.4,4,45.15,-0.57,0.76
0,-0.88,0.93,2.32,2.32,1.55,0.97,0.28,0,45.15,-1.46,0.78
0,-0.75,0.8,2.01,2.01,4.3,-0.43,-1.86,-3,45.15,-2.2,0.77
0,-0.65,0.69,1.72,1.72,5.46,-1.35,-2.98,-5,45.15,-2.38,0.76
0,-0.6,0.6,1.51,1.51,4.67,-1.52,-2.7,-5,45.15,-1.91,0.73
0,-0.64,0.6,1.51,1.51,1.97,-0.8,-0.94,-1,45.15,-0.86,0.72
0,-0.73,0.67,1.67,1.67,-1.67,0.6,1.79,3,45.15,0.47,0.72
0,-0.88,0.79,1.97,1.97,-4.94,2.15,4.48,8,45.15,1.58,0.75
0,-1.09,0.97,2.43,2.43,-7.3,3.47,6.43,12,45.15,2.17,0.8
0,-1.28,1.18,2.94,2.94,-8.63,4.43,7.6,15,45.15,2.32,0.86
0,-1.45,1.35,3.38,3.38,-8.62,4.87,7.81,15,45.15,2.01,0.93
0,-1.6,1.51,3.79,3.79,-7.47,4.78,7.12,14,45.15,1.34,1
0,-1.67,1.64,4.1,4.1,-5.47,4.27,5.84,11,45.15,0.5,1.07
0,-1.64,1.66,4.15,4.15,-2.61,3.31,3.98,7,45.15,-0.45,1.12
0,-1.55,1.59,3.98,3.98,0.57,2,1.76,3,45.15,-1.4,1.16
0,-1.43,1.5,3.75,3.75,3.49,0.66,-0.3,0,45.15,-2.14,1.17
0,-1.26,1.34,3.34,3.34,5.68,-0.55,-1.92,-3,45.15,-2.54,1.17
0,-1.18,1.23,3.07,3.07,6.14,-1.25,-2.56,-5,45.15,-2.46,1.15
0,-1.17,1.18,2.95,2.95,4.26,-1.01,-1.51,-3,45.15,-1.64,1.14
0,-1.21,1.19,2.96,2.96,0.91,0.11,0.92,1,45.15,-0.32,1.13
0,-1.34,1.27,3.18,3.18,-2.83,1.65,3.78,7,45.15,0.98,1.15
0,-1.52,1.43,3.58,3.58,-6.24,3.28,6.48,12,45.15,2,1.19
0,-1.72,1.63,4.07,4.07,-8.55,4.65,8.45,16,45.15,2.54,1.26
0,-1.92,1.83,4.58,4.58,-9.52,5.51,9.35,18,45.15,2.51,1.34
0,-2.11,2.03,5.07,5.07,-9.37,5.86,9.36,18,45.15,2.07,1.43
0,-2.22,2.19,5.48,5.48,-8.05,5.74,8.6,17,45.15,1.35,1.51
0,-2.27,2.27,5.68,5.68,-5.44,5.03,7,14,45.15,0.38,1.59
0,-2.24,2.27,5.67,5.67,-1.87,3.76,4.63,9,45.15,-0.79,1.65
0,-2.12,2.19,5.48,5.48,2.08,2.15,1.94,3,45.15,-1.91,1.69
0,-1.96,2.04,5.09,5.09,5.51,0.46,-0.61,-1,45.15,-2.78,1.7
0,-1.79,1.87,4.67,4.67,7.18,-0.78,-2.12,-4,45.15,-3.04,1.7
0,-1.66,1.72,4.29,4.29,7.09,-1.2,-2.1,-4,45.15,-2.58,1.68
0,-1.6,1.62,4.06,4.06,5.77,-1.02,-1.12,-2,45.15,-1.76,1.66
0,-1.63,1.61,4.02,4.02,2.89,-0.2,0.82,1,45.15,-0.64,1.66
0,-1.73,1.67,4.18,4.18,-0.92,1.26,3.62,7,45.15,0.69,1.67
0,-1.9,1.81,4.53,4.53,-4.59,2.95,6.49,12,45.15,1.84,1.71
0,-2.11,2.01,5.02,5.02,-7.37,4.46,8.76,17,45.15,2.53,1.77
0,-2.3,2.22,5.54,5.54,-8.73,5.52,10.04,20,45.15,2.67,1.85
0,-2.49,2.41,6.02,6.02,-8.61,5.94,10.13,20,45.15,2.26,1.94
0,-2.64,2.59,6.47,6.47,-7.55,5.85,9.4,18,45.15,1.52,2.02
0,-2.68,2.68,6.7,6.7,-5.67,5.37,8.17,16,45.15,0.69,2.11
0,-2.67,2.69,6.73,6.73,-2.57,4.41,6.28,12,45.15,-0.3,2.18
0,-2.55,2.63,6.58,6.58,1.32,2.89,3.65,7,45.15,-1.47,2.23
0,-2.39,2.48,6.2,6.2,4.93,1.2,1,2,45.15,-2.44,2.25
0,-2.21,2.31,5.77,5.77,7.3,-0.22,-0.91,-1,45.15,-2.94,2.25
0,-2.08,2.15,5.36,5.36,7.86,-0.97,-1.49,-2,45.15,-2.76,2.24
0,-1.98,2.01,5.03,5.03,6.93,-1.01,-0.84,-1,45.15,-2.05,2.22
0,-1.93,1.93,4.84,4.84,4.62,-0.44,0.74,1,45.15,-1.03,2.22
0,-2,1.94,4.86,4.86,1.24,0.73,3.15,6,45.15,0.19,2.22
0,-2.13,2.04,5.11,5.11,-2.46,2.29,5.93,11,45.15,1.39,2.25
0,-2.32,2.21,5.52,5.52,-5.55,3.86,8.43,16,45.15,2.26,2.3
0,-2.52,2.41,6.03,6.03,-7.4,5.07,10.03,20,45.15,2.59,2.37
0,-2.71,2.61,6.52,6.52,-7.91,5.74,10.59,21,45.15,2.4,2.46
0,-2.88,2.79,6.97,6.97,-7.2,5.86,10.21,20,45.15,1.8,2.55
0,-2.97,2.94,7.36,7.36,-5.69,5.55,9.17,18,45.15,0.99,2.63
0,-2.96,2.97,7.42,7.42,-3.63,4.88,7.77,15,45.15,0.18,2.71
0,-2.85,2.93,7.34,7.34,-0.33,3.79,5.81,11,45.15,-0.76,2.77
0,-2.74,2.81,7.03,7.03,3.55,2.14,3.06,6,45.15,-1.88,2.81
0,-2.57,2.65,6.63,6.63,6.23,0.62,0.84,1,45.15,-2.6,2.82
0,-2.44,2.5,6.24,6.24,7.63,-0.33,-0.2,0,45.15,-2.69,2.82
0,-2.31,2.36,5.89,5.89,7.56,-0.77,-0.28,0,45.15,-2.32,2.81
0,-2.26,2.28,5.69,5.69,5.84,-0.47,0.86,1,45.15,-1.47,2.8
0,-2.25,2.25,5.63,5.63,3.1,0.43,2.88,5,45.15,-0.35,2.8
0,-2.32,2.28,5.69,5.69,-0.34,1.69,5.29,10,45.15,0.78,2.82
0,-2.46,2.38,5.96,5.96,-4.25,3.3,8.05,16,45.15,1.88,2.87
0,-2.61,2.53,6.33,6.33,-7.49,4.95,10.6,21,45.15,2.72,2.94
0,-2.76,2.69,6.72,6.72,-9.34,6.13,12.11,24,45.15,2.96,3.02
0,-2.87,2.82,7.06,7.06,-9.92,6.74,12.55,25,45.15,2.69,3.12
0,-2.98,2.91,7.29,7.29,-8.92,6.78,12.03,24,45.15,2.03,3.22
0,-3.04,3.02,7.55,7.55,-5.98,6.09,10.3,20,45.15,0.89,3.32
0,-3.01,3.03,7.58,7.58,-1.87,4.63,7.46,14,45.15,-0.56,3.39
0,-2.86,2.96,7.4,7.4,2.43,2.85,4.41,8,45.15,-1.88,3.44
0,-2.72,2.81,7.02,7.02,6.2,1.01,1.59,3,45.15,-2.88,3.47
0,-2.5,2.61,6.52,6.52,8.41,-0.37,-0.13,0,45.15,-3.22,3.47
0,-2.32,2.4,6.01,6.01,9.53,-1.26,-0.87,-1,45.15,-3.06,3.45
0,-2.17,2.24,5.59,5.59,8.88,-1.54,-0.57,-1,45.15,-2.46,3.43
0,-2.06,2.12,5.3,5.3,6.92,-1.08,0.91,1,45.15,-1.42,3.41
0,-2.04,2.05,5.12,5.12,3.99,-0.19,2.93,5,45.15,-0.28,3.4
0,-2.15,2.1,5.25,5.25,-0.07,1.27,5.67,11,45.15,0.99,3.41
0,-2.32,2.24,5.6,5.6,-4.28,3.14,8.83,17,45.15,2.23,3.45
0,-2.51,2.42,6.06,6.06,-7.33,4.82,11.33,22,45.15,2.99,3.52
0,-2.73,2.63,6.58,6.58,-8.83,5.94,12.62,25,45.15,3.07,3.61
0,-2.9,2.83,7.08,7.08,-8.93,6.46,12.8,25,45.15,2.64,3.7
0,-3.01,2.97,7.43,7.43,-7.64,6.35,11.98,23,45.15,1.83,3.8
0,-3.09,3.07,7.69,7.69,-5.3,5.7,10.35,20,45.15,0.77,3.89
0,-3.05,3.08,7.7,7.7,-2.12,4.62,8.25,16,45.15,-0.32,3.96
0,-2.92,2.99,7.47,7.47,2.07,3.03,5.53,11,45.15,-1.52,4.01
0,-2.73,2.82,7.06,7.06,6.01,1.15,2.56,5,45.15,-2.63,4.04
0,-2.53,2.64,6.6,6.6,8.75,-0.37,0.5,0,45.15,-3.17,4.04
0,-2.33,2.43,6.08,6.08,10.02,-1.4,-0.52,-1,45.15,-3.14,4.02
0,-2.17,2.25,5.62,5.62,9.83,-1.79,-0.38,0,45.15,-2.59,3.99
0,-2.05,2.11,5.27,5.27,8.3,-1.59,0.67,1,45.15,-1.71,3.97
0,-2,2.01,5.02,5.02,5.48,-0.81,2.56,5,45.15,-0.58,3.95
0,-2.04,2.01,5.03,5.03,1.59,0.56,5.22,10,45.15,0.71,3.95
0,-2.15,2.09,5.23,5.23,-2.65,2.32,8.28,16,45.15,1.98,3.98
0,-2.31,2.22,5.56,5.56,-6.11,4.03,10.93,21,45.15,2.86,4.04
0,-2.52,2.43,6.06,6.06,-8.64,5.42,12.74,25,45.15,3.21,4.11
0,-2.71,2.62,6.56,6.56,-9.91,6.42,13.79,27,45.15,3.16,4.2
0,-2.87,2.8,6.99,6.99,-9.24,6.73,13.58,27,45.15,2.55,4.31
0,-2.94,2.9,7.25,7.25,-6.97,6.2,12.04,24,45.15,1.44,4.4
0,-2.94,2.94,7.35,7.35,-3.62,5.11,9.73,19,45.15,0.15,4.48
0,-2.82,2.87,7.19,7.19,0.48,3.54,6.91,13,45.15,-1.16,4.54
0,-2.68,2.76,6.89,6.89,4.83,1.67,3.86,7,45.15,-2.38,4.57
0,-2.46,2.58,6.45,6.45,8.04,-0.06,1.38,2,45.15,-3.15,4.58
0,-2.22,2.31,5.77,5.77,10.69,-1.46,-0.28,0,45.15,-3.39,4.56
0,-2.01,2.11,5.28,5.28,11.79,-2.52,-1.33,-2,45.15,-3.35,4.53
0,-1.79,1.91,4.77,4.77,11.01,-2.69,-0.76,-1,45.15,-2.56,4.49
0,-1.64,1.71,4.27,4.27,9.92,-2.5,0.3,0,45.15,-1.65,4.45
0,-1.59,1.6,4,4,7.55,-1.99,1.67,3,45.15,-0.75,4.42
0,-1.6,1.6,3.99,3.99,3.5,-0.66,4.3,8,45.15,0.56,4.4
0,-1.68,1.63,4.09,4.09,-0.78,1.11,7.41,14,45.15,1.9,4.41
0,-1.85,1.77,4.42,4.42,-4.73,2.88,10.19,20,45.15,2.86,4.45
0,-2.03,1.95,4.87,4.87,-7.99,4.56,12.54,25,45.15,3.47,4.51
0,-2.17,2.11,5.28,5.28,-9.41,5.7,13.8,27,45.15,3.51,4.59
0,-2.28,2.25,5.62,5.62,-8.79,5.98,13.48,26,45.15,2.82,4.68
0,-2.37,2.33,5.83,5.83,-6.66,5.48,11.94,23,45.15,1.69,4.77
0,-2.36,2.38,5.96,5.96,-3.5,4.46,9.69,19,45.15,0.39,4.84
0,-2.29,2.33,5.82,5.82,0.51,2.96,6.93,13,45.15,-0.92,4.89
0,-2.11,2.22,5.54,5.54,4.63,1.17,3.95,7,45.15,-2.13,4.91
0,-1.87,1.98,4.96,4.96,8.56,-0.66,1.25,2,45.15,-3,4.91
0,-1.61,1.75,4.37,4.37,11.58,-2.38,-1.08,-2,45.15,-3.58,4.88
0,-1.34,1.49,3.73,3.73,12.87,-3.45,-2.08,-4,45.15,-3.45,4.83
0,-1.08,1.21,3.02,3.02,13.3,-4.07,-2.24,-4,45.15,-2.95,4.77
0,-0.86,0.95,2.38,2.38,12.56,-4.29,-1.83,-3,45.15,-2.25,4.71
0,-0.74,0.8,1.99,1.99,10.23,-3.84,-0.42,0,45.15,-1.22,4.65
0,-0.68,0.7,1.75,1.75,6.56,-2.71,2,3,45.15,0.1,4.6
0,-0.72,0.68,1.69,1.69,2.17,-1.1,4.94,9,45.15,1.46,4.58
0,-0.88,0.79,1.97,1.97,-2.69,0.89,8.19,16,45.15,2.72,4.59
0,-1.05,0.96,2.4,2.4,-6.93,2.96,11.29,22,45.15,3.71,4.62
0,-1.24,1.13,2.83,2.83,-9.36,4.49,13.18,26,45.15,4.01,4.68
0,-1.46,1.35,3.38,3.38,-10.27,5.34,13.74,27,45.15,3.64,4.76
0,-1.59,1.53,3.83,3.83,-9.66,5.61,13.33,26,45.15,2.88,4.85
0,-1.66,1.62,4.06,4.06,-7.21,5.08,11.7,23,45.15,1.7,4.92
0,-1.64,1.65,4.13,4.13,-3.35,3.82,9.03,18,45.15,0.22,4.99
0,-1.52,1.59,3.98,3.98,1.43,2.01,5.71,11,45.15,-1.32,5.02
0,-1.28,1.41,3.54,3.54,6.45,-0.17,2.13,4,45.15,-2.72,5.03
0,-1.03,1.17,2.92,2.92,10.78,-2.33,-1.05,-2,45.15,-3.72,5
0,-0.7,0.86,2.16,2.16,14.08,-4.15,-3.36,-6,45.15,-4.16,4.95
0,-0.37,0.54,1.34,1.34,16.23,-5.6,-4.89,-9,45.15,-4.16,4.87
0,-0.07,0.22,0.56,0.56,16.76,-6.45,-5.35,-10,45.15,-3.67,4.77
0,0.21,-0.07,-0.18,-0.18,15.94,-6.67,-4.76,-9,45.15,-2.77,4.67
0,0.42,-0.33,-0.82,-0.82,13.86,-6.36,-3.44,-6,45.15,-1.66,4.58
0,0.52,-0.48,-1.2,-1.2,10.14,-5.37,-1.18,-2,45.15,-0.31,4.49
0,0.51,-0.53,-1.32,-1.32,4.99,-3.6,2.13,4,45.15,1.3,4.43
0,0.42,-0.48,-1.2,-1.2,-0.66,-1.34,5.94,11,45.15,2.88,4.4
0,0.23,-0.33,-0.82,-0.82,-5.71,1,9.5,18,45.15,4.09,4.41
0,-0.01,-0.11,-0.28,-0.28,-9.3,2.98,12.07,24,45.15,4.64,4.45
0,-0.27,0.15,0.36,0.36,-10.96,4.29,13.28,26,45.15,4.48,4.51
0,-0.5,0.39,0.98,0.98,-10.92,4.84,13.14,26,45.15,3.72,4.58
0,-0.65,0.59,1.47,1.47,-9.64,4.76,12.04,24,45.15,2.63,4.65
0,-0.68,0.66,1.66,1.66,-6.96,4.08,10.18,20,45.15,1.39,4.71
0,-0.62,0.65,1.64,1.64,-2.21,2.59,7.16,14,45.15,-0.18,4.76
0,-0.44,0.53,1.34,1.34,3.51,0.27,3.04,6,45.15,-2.01,4.77
0,-0.18,0.31,0.78,0.78,8.8,-2.18,-0.87,-1,45.15,-3.44,4.75
0,0.18,0.01,0.03,0.03,13.11,-4.43,-4.05,-8,45.15,-4.31,4.69
0,0.55,-0.36,-0.9,-0.9,16.41,-6.3,-6.29,-12,45.15,-4.59,4.6
0,0.95,-0.74,-1.84,-1.84,18.62,-7.82,-7.86,-15,45.15,-4.52,4.49
0,1.35,-1.16,-2.91,-2.91,18.98,-8.78,-8.36,-16,45.15,-3.94,4.36
0,1.65,-1.51,-3.77,-3.77,17.5,-8.9,-7.52,-15,45.15,-2.85,4.23
0,1.87,-1.76,-4.41,-4.41,14.29,-8.2,-5.49,-10,45.15,-1.39,4.1
0,1.98,-1.94,-4.86,-4.86,9.76,-6.81,-2.56,-5,45.15,0.25,3.99
0,1.96,-1.99,-4.98,-4.98,4.19,-4.83,1.01,2,45.15,1.92,3.91
0,1.82,-1.9,-4.75,-4.75,-1.96,-2.36,5.02,10,45.15,3.51,3.87
0,1.59,-1.72,-4.3,-4.3,-7.69,0.26,8.9,17,45.15,4.77,3.86
0,1.28,-1.44,-3.6,-3.6,-11.92,2.58,11.89,23,45.15,5.41,3.89
0,0.97,-1.13,-2.82,-2.82,-13.81,4.14,13.34,26,45.15,5.24,3.95
0,0.69,-0.84,-2.09,-2.09,-13.5,4.71,13.01,26,45.15,4.28,4.02
0,0.44,-0.57,-1.42,-1.42,-12,4.57,11.62,23,45.15,2.96,4.09
0,0.36,-0.38,-0.95,-0.95,-9.57,4.01,9.81,19,45.15,1.65,4.15
0,0.37,-0.37,-0.91,-0.91,-5.26,2.71,7.06,14,45.15,0.16,4.2
0,0.48,-0.41,-1.02,-1.02,0.51,0.57,3.13,6,45.15,-1.66,4.22
0,0.73,-0.58,-1.46,-1.46,6.33,-1.95,-1.03,-2,45.15,-3.27,4.2
0,1.05,-0.88,-2.2,-2.2,11.94,-4.58,-4.94,-9,45.15,-4.5,4.14
0,1.42,-1.23,-3.07,-3.07,15.8,-6.88,-7.97,-15,45.15,-5.13,4.04
0,1.86,-1.65,-4.12,-4.12,18.16,-8.48,-9.51,-19,45.15,-4.96,3.92
0,2.24,-2.05,-5.13,-5.13,19.88,-9.7,-10.45,-20,45.15,-4.53,3.78
0,2.53,-2.39,-5.96,-5.96,20.07,-10.49,-10.76,-21,45.15,-3.89,3.62
0,2.77,-2.66,-6.65,-6.65,17.67,-10.34,-9.5,-19,45.15,-2.63,3.47
0,2.93,-2.87,-7.16,-7.16,13.25,-9.12,-6.63,-13,45.15,-0.83,3.33
0,2.93,-2.95,-7.37,-7.37,7.34,-7.15,-2.84,-5,45.15,1.1,3.21
0,2.81,-2.89,-7.22,-7.22,0.03,-4.39,1.89,3,45.15,3.15,3.13
0,2.59,-2.7,-6.76,-6.76,-6.38,-1.33,6.64,13,45.15,4.87,3.1
0,2.26,-2.44,-6.1,-6.1,-11.08,1.1,9.8,19,45.15,5.59,3.11
0,1.88,-2.06,-5.15,-5.15,-15.31,3.25,12.22,24,45.15,5.82,3.15
0,1.58,-1.74,-4.35,-4.35,-17.66,5,13.93,27,45.15,5.71,3.22
0,1.27,-1.43,-3.57,-3.57,-17.31,5.67,13.69,27,45.15,4.71,3.3
0,1.02,-1.13,-2.84,-2.84,-15.25,5.45,12.05,24,45.15,3.21,3.39
0,0.92,-0.96,-2.39,-2.39,-11.47,4.48,9.44,18,45.15,1.5,3.46
0,0.92,-0.92,-2.29,-2.29,-5.92,2.64,5.7,11,45.15,-0.44,3.51
0,1.04,-0.95,-2.38,-2.38,0.41,0.16,1.26,2,45.15,-2.41,3.52
0,1.35,-1.18,-2.96,-2.96,6.94,-2.64,-3.2,-6,45.15,-4.04,3.49
0,1.67,-1.51,-3.77,-3.77,13.17,-5.59,-7.52,-15,45.15,-5.35,3.42
0,2.05,-1.85,-4.63,-4.63,17.14,-8.06,-10.69,-21,45.15,-5.93,3.3
0,2.49,-2.27,-5.69,-5.69,18.92,-9.54,-11.84,-23,45.15,-5.47,3.17
0,2.89,-2.7,-6.74,-6.74,20.01,-10.53,-12.23,-24,45.15,-4.72,3.01
0,3.2,-3.05,-7.63,-7.63,19.18,-11.03,-11.94,-23,45.15,-3.76,2.85
0,3.44,-3.34,-8.36,-8.36,15.76,-10.44,-9.91,-19,45.15,-2.15,2.69
0,3.51,-3.51,-8.78,-8.78,10.47,-8.85,-6.47,-12,45.15,-0.17,2.55
0,3.44,-3.5,-8.74,-8.74,3.37,-6.35,-1.92,-3,45.15,1.98,2.44
0,3.26,-3.36,-8.41,-8.41,-4.19,-3.16,3.35,6,45.15,4.12,2.38
0,2.96,-3.12,-7.79,-7.79,-10.44,-0.13,7.78,15,45.15,5.54,2.37
0,2.55,-2.76,-6.9,-6.9,-15.66,2.51,11.12,22,45.15,6.21,2.4
0,2.15,-2.35,-5.88,-5.88,-19.44,4.76,13.58,27,45.15,6.36,2.46
0,1.76,-1.96,-4.89,-4.89,-21.28,6.28,14.7,29,45.15,5.87,2.55
0,1.35,-1.54,-3.86,-3.86,-21.33,7.07,14.58,29,45.15,4.85,2.65
0,1.04,-1.17,-2.92,-2.92,-19.02,7.04,13.21,26,45.15,3.41,2.76
0,0.84,-0.93,-2.32,-2.32,-14.2,5.8,10.03,20,45.15,1.37,2.85
0,0.78,-0.79,-1.97,-1.97,-8.48,3.77,5.9,11,45.15,-0.79,2.92
0,0.9,-0.83,-2.07,-2.07,-1.79,1.31,1.6,3,45.15,-2.66,2.95
0,1.16,-1.01,-2.54,-2.54,5.81,-1.82,-3.44,-6,45.15,-4.55,2.93
0,1.53,-1.34,-3.34,-3.34,12.68,-5.1,-8.26,-16,45.15,-6.03,2.87
0,1.95,-1.72,-4.29,-4.29,17.79,-7.92,-11.88,-23,45.15,-6.72,2.76
0,2.43,-2.2,-5.49,-5.49,21,-10.02,-13.97,-27,45.15,-6.56,2.62
0,2.89,-2.66,-6.65,-6.65,22.8,-11.51,-15.01,-30,45.15,-5.95,2.45
0,3.32,-3.12,-7.79,-7.79,22.18,-12.26,-14.82,-29,45.15,-4.83,2.27
0,3.63,-3.5,-8.75,-8.75,18.74,-11.82,-12.76,-25,45.15,-3.03,2.09
0,3.73,-3.69,-9.22,-9.22,12.81,-10.11,-8.92,-17,45.15,-0.74,1.93
0,3.69,-3.73,-9.34,-9.34,5.24,-7.39,-3.8,-7,45.15,1.78,1.81
0,3.49,-3.61,-9.03,-9.03,-2.83,-4.1,1.69,3,45.15,4.06,1.73
0,3.11,-3.33,-8.32,-8.32,-10.33,-0.64,6.9,13,45.15,5.83,1.71
0,2.65,-2.89,-7.21,-7.21,-17.35,2.65,11.3,22,45.15,6.92,1.74
0,2.14,-2.4,-5.99,-5.99,-23.44,5.89,15.38,30,45.15,7.68,1.81
0,1.58,-1.87,-4.66,-4.66,-26.11,8.22,17.6,35,45.15,7.45,1.93
0,1.08,-1.32,-3.29,-3.29,-26.08,9.22,17.42,34,45.15,6.14,2.06
0,0.66,-0.88,-2.21,-2.21,-24.27,9.27,15.9,31,45.15,4.42,2.2
0,0.24,-0.45,-1.13,-1.13,-20.86,8.65,13.5,27,45.15,2.52,2.34
0,0,-0.1,-0.25,-0.25,-16.4,7.4,10.45,20,45.15,0.6,2.45
0,-0.02,0.05,0.12,0.12,-9.98,5.46,6.68,13,45.15,-1.32,2.54
0,0.14,-0.05,-0.12,-0.12,-1.47,2.29,1.24,2,45.15,-3.64,2.59
0,0.43,-0.27,-0.67,-0.67,6.68,-1.36,-4.48,-8,45.15,-5.71,2.58
0,0.84,-0.63,-1.57,-1.57,13.89,-4.78,-9.27,-18,45.15,-7.01,2.52
0,1.31,-1.08,-2.7,-2.7,19.83,-7.93,-13.22,-26,45.15,-7.7,2.42
0,1.76,-1.52,-3.8,-3.8,22.77,-10.22,-15.45,-30,45.15,-7.51,2.27
0,2.26,-2,-5.01,-5.01,22.86,-11.22,-15.36,-30,45.15,-6.24,2.11
0,2.66,-2.47,-6.18,-6.18,21.39,-11.4,-14.05,-28,45.15,-4.58,1.93
0,2.91,-2.78,-6.95,-6.95,17.8,-10.74,-11.69,-23,45.15,-2.72,1.77
0,3.04,-3,-7.49,-7.49,11.76,-9.01,-7.83,-15,45.15,-0.45,1.63
0,2.94,-3.02,-7.55,-7.55,4.14,-6.26,-2.73,-5,45.15,2.01,1.52
0,2.65,-2.82,-7.04,-7.04,-4.55,-2.78,3.03,6,45.15,4.34,1.47
0,2.27,-2.47,-6.18,-6.18,-13.47,1.15,9.01,18,45.15,6.39,1.47
0,1.73,-2.02,-5.04,-5.04,-21.05,5,14.35,28,45.15,7.82,1.53
0,1.12,-1.46,-3.64,-3.64,-26.23,8.11,17.94,35,45.15,8.19,1.64
0,0.42,-0.77,-1.93,-1.93,-29.76,10.49,20.05,40,45.15,7.77,1.79
0,-0.23,-0.09,-0.23,-0.23,-31.64,12.3,21.23,42,45.15,6.96,1.97
0,-0.84,0.54,1.36,1.36,-31.31,13.24,21.05,42,45.15,5.65,2.16
0,-1.28,1.06,2.64,2.64,-28.34,13.15,19.36,38,45.15,3.84,2.36
0,-1.55,1.41,3.53,3.53,-21.87,11.62,15.52,31,45.15,1.36,2.54
0,-1.64,1.62,4.05,4.05,-13.37,8.72,9.82,19,45.15,-1.59,2.69
0,-1.52,1.62,4.04,4.04,-3.92,5.11,3.61,7,45.15,-4.28,2.78
0,-1.21,1.38,3.44,3.44,5.85,0.99,-2.8,-5,45.15,-6.6,2.81
0,-0.73,0.98,2.45,2.45,15.01,-3.25,-8.83,-17,45.15,-8.36,2.78
0,-0.23,0.52,1.31,1.31,22.35,-7.09,-13.73,-27,45.15,-9.33,2.68
0,0.37,-0.07,-0.18,-0.18,27.58,-10.13,-16.86,-33,45.15,-9.28,2.54
0,0.96,-0.67,-1.68,-1.68,30.6,-12.48,-18.77,-37,45.15,-8.66,2.36
0,1.48,-1.23,-3.08,-3.08,29.62,-13.48,-18.37,-36,45.15,-7.05,2.16
0,1.92,-1.72,-4.31,-4.31,25.47,-12.86,-15.39,-30,45.15,-4.5,1.97
0,2.12,-2.05,-5.11,-5.11,19.37,-11.11,-11.05,-22,45.15,-1.73,1.79
0,2.11,-2.14,-5.34,-5.34,10.88,-8.32,-5.56,-11,45.15,1.11,1.66
0,1.89,-2.01,-5.03,-5.03,0.05,-4.28,1.48,2,45.15,4.19,1.57
0,1.46,-1.72,-4.31,-4.31,-11.06,0.53,9.17,18,45.15,7.07,1.56
0,0.83,-1.14,-2.86,-2.86,-21.49,5.39,16.1,32,45.15,9.09,1.63
0,0.11,-0.47,-1.18,-1.18,-30.28,10.02,22.17,44,45.15,10.39,1.76
0,-0.7,0.29,0.73,0.73,-36.03,13.7,26.13,52,45.15,10.48,1.95
0,-1.55,1.11,2.77,2.77,-39.62,16.32,28.15,56,45.15,9.64,2.19
0,-2.34,1.95,4.89,4.89,-40.98,18.24,29.06,58,45.15,8.36,2.46
0,-2.96,2.64,6.6,6.6,-37.76,18.65,27.59,55,45.15,6.21,2.74
0,-3.38,3.21,8.04,8.04,-31.23,17.11,23.12,46,45.15,3.01,3
0,-3.68,3.56,8.9,8.9,-22.2,14.36,17.29,34,45.15,-0.3,3.23
0,-3.67,3.7,9.24,9.24,-11.23,10.48,10.24,20,45.15,-3.64,3.4
0,-3.43,3.59,8.97,8.97,1.01,5.64,2.3,4,45.15,-6.84,3.5
0,-2.93,3.2,8.01,8.01,12.69,0.43,-5.41,-10,45.15,-9.37,3.53
0,-2.32,2.65,6.62,6.62,23.36,-4.66,-12.26,-24,45.15,-11.08,3.48
0,-1.58,1.96,4.9,4.9,31.74,-9.17,-17.62,-35,45.15,-11.81,3.36
0,-0.86,1.2,3,3,37.54,-12.83,-21.24,-42,45.15,-11.58,3.18
0,-0.06,0.45,1.13,1.13,39.42,-15.12,-22.42,-44,45.15,-10.26,2.96
0,0.61,-0.29,-0.73,-0.73,38.01,-15.94,-21.2,-42,45.15,-7.98,2.72
0,1.17,-0.89,-2.23,-2.23,33.45,-15.34,-18,-35,45.15,-5.15,2.49
0,1.48,-1.36,-3.41,-3.41,25.43,-13.33,-12.93,-25,45.15,-1.88,2.28
0,1.48,-1.53,-3.82,-3.82,13.76,-9.52,-5.48,-10,45.15,1.93,2.12
0,1.2,-1.37,-3.42,-3.42,-0.06,-4.16,3.78,7,45.15,5.91,2.04
0,0.66,-0.97,-2.42,-2.42,-13.85,1.86,13.23,26,45.15,9.33,2.04
0,-0.09,-0.31,-0.77,-0.77,-27,7.89,21.79,43,45.15,11.77,2.14
0,-1.01,0.53,1.33,1.33,-37.92,13.69,29.31,58,45.15,13.3,2.32
0,-2.09,1.54,3.86,3.86,-46.2,18.45,34.49,68,45.15,13.46,2.58
0,-3.17,2.65,6.62,6.62,-52.35,22.49,38.29,76,45.15,12.89,2.9
0,-4.17,3.67,9.18,9.18,-54.43,25.31,40.05,80,45.15,11.47,3.27
0,-4.96,4.56,11.41,11.41,-50.37,25.82,38.02,76,45.15,8.53,3.66
0,-5.58,5.28,13.19,13.19,-41.8,23.87,32.23,64,45.15,4.33,4.03
0,-5.94,5.77,14.43,14.43,-30.44,20.36,24.66,49,45.15,-0.05,4.35
0,-5.9,5.92,14.81,14.81,-16.36,15.4,15.61,31,45.15,-4.38,4.6
0,-5.73,5.83,14.58,14.58,-1.44,9.35,5.68,11,45.15,-8.44,4.76
0,-5.31,5.55,13.88,13.88,11.76,3.39,-3.11,-6,45.15,-11.33,4.84
0,-4.63,4.98,12.46,12.46,23.74,-2.14,-10.27,-20,45.15,-12.96,4.83
0,-3.76,4.17,10.41,10.41,34.9,-7.63,-16.88,-33,45.15,-13.98,4.73
0,-2.8,3.35,8.39,8.39,43.15,-12.46,-22.12,-44,45.15,-14.22,4.56
0,-1.84,2.36,5.9,5.9,48.5,-16.09,-24.98,-49,45.15,-13.22,4.33
0,-0.88,1.32,3.31,3.31,49.64,-18.59,-25.97,-51,45.15,-11.45,4.06
0,-0.24,0.53,1.32,1.32,45.05,-18.7,-23.18,-46,45.15,-8.26,3.78
0,0.44,-0.06,-0.15,-0.15,35.32,-16.33,-16.67,-33,45.15,-3.86,3.52
0,0.66,-0.6,-1.5,-1.5,23.03,-12.37,-8.23,-16,45.15,0.82,3.32
0,0.48,-0.61,-1.53,-1.53,8.11,-6.98,1.43,2,45.15,5.22,3.19
0,0.01,-0.28,-0.69,-0.69,-8.6,-0.2,12.48,24,45.15,9.51,3.17
0,-0.72,0.31,0.78,0.78,-24.2,6.98,23.16,46,45.15,12.93,3.24
0,-1.73,1.2,3.01,3.01,-38.56,13.77,32.18,64,45.15,14.99,3.42
0,-2.91,2.31,5.77,5.77,-50.82,20.44,40.46,80,45.15,16.31,3.71
0,-4.13,3.51,8.77,8.77,-56.31,25.28,45.03,90,45.15,15.68,4.07
0,-5.4,4.82,12.04,12.04,-57.64,27.67,45.18,90,45.15,13.03,4.48
0,-6.46,5.92,14.79,14.79,-57.01,29.03,44.24,88,45.15,10.3,4.91
0,-7.28,6.86,17.14,17.14,-52.04,28.9,41.29,82,45.15,7.05,5.35
0,-7.44,7.24,18.1,18.1,-41.39,26.25,34.86,69,45.15,2.86,5.75
0,-7.65,7.6,19,19,-25.88,21.2,24.9,49,45.15,-2.39,6.09
0,-7.64,7.66,19.15,19.15,-9.47,14.67,13.58,27,45.15,-7.43,6.34
0,-7.41,7.58,18.96,18.96,4.41,8.44,3.97,7,45.15,-10.95,6.49
0,-6.88,7.21,18.02,18.02,16.22,3.03,-3.15,-6,45.15,-12.72,6.55
0,-6.15,6.51,16.28,16.28,27.29,-2.22,-9.38,-18,45.15,-13.7,6.54
0,-5.33,5.73,14.32,14.32,36.56,-7.21,-14.91,-29,45.15,-14.16,6.45
0,-4.4,4.83,12.07,12.07,42.09,-11.08,-18.24,-36,45.15,-13.46,6.29
0,-3.55,3.94,9.84,9.84,44.16,-13.52,-19.14,-38,45.15,-11.71,6.1
0,-2.93,3.23,8.07,8.07,40.52,-14.05,-17.05,-34,45.15,-8.89,5.89
0,-2.45,2.67,6.69,6.69,31.16,-11.87,-10.7,-21,45.15,-4.54,5.7
0,-2.24,2.28,5.71,5.71,19.24,-7.87,-2.1,-4,45.15,0.21,5.57
0,-2.5,2.34,5.84,5.84,5.48,-2.72,7.27,14,45.15,4.49,5.5
0,-3.03,2.71,6.79,6.79,-10.25,3.61,17.66,35,45.15,8.52,5.53
0,-3.78,3.35,8.37,8.37,-26.06,10.67,28.37,56,45.15,12.04,5.67
0,-4.78,4.29,10.73,10.73,-39.94,17.61,37.9,75,45.15,14.38,5.91
0,-5.92,5.32,13.3,13.3,-50.67,23.64,45.23,90,45.15,15.35,6.24
0,-7.15,6.52,16.3,16.3,-57.72,28.34,49.82,94,45.15,14.83,6.65
0,-8.41,7.8,19.49,19.49,-62.58,31.98,52.57,97,45.15,13.48,7.11
0,-9.57,9.05,22.62,22.62,-62.57,34.4,53.43,98,45.15,11.4,7.62
0,-10.05,9.59,23.97,23.97,-57.34,33.76,49.7,94,45.15,7.8,8.14
0,-10.54,10.34,25.85,25.85,-46.96,31.53,43.63,87,45.15,3.49,8.62
0,-10.86,10.73,26.83,26.83,-31.25,26.53,33.67,67,45.15,-1.89,9.04
0,-11.07,10.98,27.45,27.45,-15.33,20.19,22.52,45,45.15,-7.04,9.37
0,-11.06,11.11,27.77,27.77,-2.3,14.47,13.7,27,45.15,-10.38,9.6
0,-10.67,10.91,27.26,27.26,8.78,9.59,7.37,14,45.15,-11.98,9.77
0,-10.18,10.47,26.18,26.18,19.25,4.77,1.63,3,45.15,-13,9.85
0,-9.56,9.89,24.73,24.73,26.4,0.57,-2.66,-5,45.15,-13.11,9.88
0,-8.96,9.25,23.13,23.13,30.38,-2.24,-4.34,-8,45.15,-11.96,9.85
0,-8.4,8.68,21.7,21.7,31.33,-3.83,-4.15,-8,45.15,-10.12,9.8
0,-8.06,8.22,20.54,20.54,27.83,-3.89,-1.62,-3,45.15,-7.47,9.74
0,-7.86,7.92,19.8,19.8,19.09,-1.68,4.4,8,45.15,-3.63,9.7
0,-7.97,7.87,19.68,19.68,7.3,2.49,12.99,25,45.15,0.77,9.73
0,-8.45,8.17,20.43,20.43,-6.33,7.9,22.66,45,45.15,4.93,9.82
0,-9.17,8.79,21.97,21.97,-20.41,14.18,32.8,65,45.15,8.61,10.01
0,-10.03,9.57,23.93,23.93,-32.53,20.29,41.75,83,45.15,11.17,10.29
0,-10.91,10.45,26.12,26.12,-41.88,25.47,48.41,93,45.15,12.28,10.66
0,-12.01,11.45,28.62,28.62,-48.56,29.63,52.88,98,45.15,12.16,11.09
0,-13.05,12.49,31.22,31.22,-53.2,33.01,55.97,101,45.15,11.39,11.57
0,-13.63,13.5,33.75,33.75,-53.41,35.05,56.81,101,45.15,9.66,12.09
0,-14.33,13.97,34.93,34.93,-49.64,34.78,54.23,99,45.15,6.83,12.61
0,-15.01,14.69,36.72,36.72,-41.15,33.1,49.45,94,45.15,3.24,13.12
0,-15.42,15.22,38.05,38.05,-28.43,29.3,41.7,83,45.15,-1.18,13.57
0,-15.59,15.53,38.84,38.84,-14.57,24.09,32.45,64,45.15,-5.59,13.96
0,-15.43,15.56,38.91,38.91,-1.64,18.77,24.19,48,45.15,-8.85,14.26
0,-15,15.25,38.13,38.13,11.18,13.36,16.67,33,45.15,-11.16,14.48
0,-14.48,14.76,36.91,36.91,23.62,7.71,9.3,18,45.15,-13.02,14.61
0,-13.82,14.18,35.45,35.45,32.06,2.76,3.69,7,45.15,-13.75,14.67
0,-13.15,13.46,33.66,33.66,34.77,-0.18,2.01,4,45.15,-12.5,14.68
0,-12.57,12.81,32.03,32.03,33.02,-0.91,4.05,8,45.15,-9.72,14.67
0,-12.23,12.39,30.98,30.98,27.62,0.04,8.36,16,45.15,-6.35,14.66
0,-12.14,12.15,30.38,30.38,17.97,2.84,15.2,30,45.15,-2.33,14.69
0,-12.33,12.19,30.47,30.47,5.1,7.45,24.33,48,45.15,2.09,14.79
0,-12.8,12.5,31.25,31.25,-9.49,13.34,34.65,69,45.15,6.35,14.96
0,-13.48,13.17,32.92,32.92,-23.2,19.82,44.89,89,45.15,9.83,15.24
0,-14.34,13.91,34.77,34.77,-34.04,25.51,52.88,98,45.15,11.78,15.6
0,-15.32,14.79,36.98,36.98,-41.93,30.11,58.4,103,45.15,12.25,16.03
0,-16.3,15.84,39.6,39.6,-47.88,33.93,62.27,107,45.15,11.82,16.53
0,-17.06,16.53,41.32,41.32,-50.23,36.34,63.99,109,45.15,10.59,17.07
0,-17.68,17.44,43.6,43.6,-48.4,37.42,63.37,108,45.15,8.32,17.63
0,-18.06,17.88,44.7,44.7,-41.43,36.1,59.2,104,45.15,4.93,18.18
0,-18.38,18.25,45.64,45.64,-30.54,32.77,52.1,97,45.15,0.66,18.68
0,-18.42,18.4,46,46,-18.31,28.2,43.84,87,45.15,-3.49,19.12
0,-18.13,18.33,45.83,45.83,-5.63,23.15,35.73,71,45.15,-6.91,19.49
0,-17.48,17.83,44.56,44.56,7.74,17.4,27.38,54,45.15,-9.79,19.77
0,-16.72,17.09,42.74,42.74,20.16,11.44,19.39,38,45.15,-12.01,19.97
0,-16.1,16.4,41.01,41.01,30.14,6.16,13.06,26,45.15,-13.17,20.08
0,-15.44,15.79,39.47,39.47,35.33,2.43,9.76,19,45.15,-12.8,20.12
0,-14.63,15.06,37.66,37.66,35.8,0.63,9.97,19,45.15,-10.8,20.14
0,-14.09,14.32,35.8,35.8,32.76,0.44,12.71,25,45.15,-7.87,20.14
0,-13.84,13.95,34.86,34.86,25.36,2.06,17.85,35,45.15,-4.39,20.17
0,-13.89,13.83,34.57,34.57,13.04,5.93,26.17,52,45.15,0,20.24
0,-14.18,13.98,34.96,34.96,-1.88,11.73,36.91,73,45.15,4.79,20.39
0,-14.76,14.45,36.11,36.11,-16.16,18.11,47.46,92,45.15,8.71,20.64
0,-15.52,15.08,37.69,37.69,-28.29,24.13,56.41,101,45.15,11.3,20.98
0,-16.31,15.91,39.78,39.78,-37.09,29.17,62.85,108,45.15,12.28,21.4
0,-17.13,16.79,41.97,41.97,-42.05,32.8,66.5,111,45.15,11.82,21.88
0,-17.8,17.35,43.37,43.37,-43.57,34.63,67.24,112,45.15,10.22,22.39
0,-18.52,18.23,45.57,45.57,-41.22,35.44,66.19,111,45.15,7.82,22.92
0,-18.78,18.67,46.69,46.69,-33.37,33.87,61.65,106,45.15,4.33,23.44
0,-18.79,18.77,46.92,46.92,-20.43,29.74,53.4,98,45.15,-0.25,23.91
0,-18.6,18.73,46.84,46.84,-4.85,23.85,42.97,85,45.15,-5.17,24.29
0,-18.16,18.38,45.95,45.95,11.06,17.12,32.29,64,45.15,-9.4,24.57
0,-17.74,17.99,44.97,44.97,25.96,10.51,22.73,45,45.15,-12.53,24.75
0,-16.93,17.4,43.49,43.49,38.61,4.3,14.7,29,45.15,-14.44,24.84
0,-15.93,16.47,41.17,41.17,46.63,-0.82,9.31,18,45.15,-14.71,24.84
0,-14.84,15.41,38.53,38.53,50.55,-4.21,7.23,14,45.15,-13.35,24.79
0,-13.89,14.28,35.71,35.71,50.06,-6.08,7.68,15,45.15,-10.94,24.71
0,-13.29,13.56,33.9,33.9,44.3,-5.59,11.62,23,45.15,-7.41,24.62
0,-12.84,13.02,32.55,32.55,32.96,-2.69,19.07,38,45.15,-2.8,24.56
0,-12.85,12.81,32.04,32.04,17.08,2.61,29.7,59,45.15,2.51,24.58
0,-13.3,13.02,32.54,32.54,-1.57,9.86,42.49,84,45.15,7.93,24.7
0,-14.02,13.63,34.06,34.06,-19.02,17.92,55.3,100,45.15,12.44,24.94
0,-14.91,14.49,36.21,36.21,-32.29,24.96,65.08,110,45.15,14.83,25.29
0,-15.88,15.37,38.44,38.44,-40.8,30.25,71.16,116,45.15,15.19,25.72
0,-16.3,16.36,40.9,40.9,-44.9,33.7,73.73,118,45.15,13.82,26.22
0,-17.05,16.68,41.71,41.71,-44.68,34.86,72.98,118,45.15,11.39,26.74
0,-17.7,17.44,43.6,43.6,-38.35,34.36,69.34,114,45.15,7.72,27.26
0,-18,17.9,44.74,44.74,-26.25,31.09,61.62,106,45.15,2.8,27.74
0,-17.96,18.03,45.06,45.06,-9.74,25.38,50.73,95,45.15,-2.8,28.14
0,-17.26,17.67,44.18,44.18,8.38,17.96,38.25,76,45.15,-8.15,28.44
0,-16.48,16.91,42.28,42.28,26.8,9.9,26.02,52,45.15,-12.5,28.62
0,-15.25,15.89,39.72,39.72,44.88,1.48,14.22,28,45.15,-15.93,28.67
0,-13.91,14.61,36.53,36.53,59.7,-6.54,4.03,8,45.15,-18.03,28.6
0,-12.55,13.23,33.08,33.08,69,-12.82,-2.46,-4,45.15,-18.07,28.43
0,-11.22,11.89,29.73,29.73,71.24,-16.55,-4.33,-8,45.15,-15.97,28.2
0,-10.19,10.69,26.73,26.73,64.73,-16.97,-0.69,-1,45.15,-11.66,27.94
0,-9.62,9.88,24.71,24.71,50.08,-13.42,8.99,17,45.15,-5.31,27.72
0,-9.51,9.51,23.78,23.78,29.44,-6.64,22.93,45,45.15,1.98,27.59
0,-9.91,9.67,24.18,24.18,5.18,2.66,39.53,79,45.15,9.28,27.6
0,-10.63,10.22,25.55,25.55,-17.91,12.98,56.17,101,45.15,15.45,27.75
0,-11.78,11.18,27.96,27.96,-35.9,22.18,69.13,114,45.15,18.9,28.05
0,-12.9,12.33,30.84,30.84,-50.7,29.81,78.38,123,45.15,20.1,28.47
0,-13.98,13.55,33.88,33.88,-59.61,36.04,84.81,129,45.15,19.78,28.99
0,-14.74,14.12,35.3,35.3,-61.28,38.53,85,130,45.15,16.9,29.56
0,-15.32,15.14,37.85,37.85,-58.46,39.38,82.3,127,45.15,12.92,30
0,-15.91,15.62,39.06,39.06,-49.04,37.48,75.43,120,45.15,7.95,30
0,-15.93,15.97,39.93,39.93,-31.26,32.51,64.13,109,45.15,1.62,30
0,-14.97,15.65,39.12,39.12,-5.79,23.28,46.96,92,45.15,-6.33,30
0,-13.22,14.2,35.51,35.51,21,11.15,27.2,54,45.15,-13.95,30
0,-11.91,12.68,31.7,31.7,47.6,-1.08,9.06,18,45.15,-19.85,29.99
0,-10.39,11.06,27.66,27.66,71.01,-12.97,-7.18,-14,45.15,-24.05,29.84
0,-8.54,9.49,23.73,23.73,86.31,-22.43,-18.15,-36,45.15,-25.26,29.54
0,-6.6,7.51,18.78,18.78,92.29,-28.66,-22.63,-45,45.15,-23.1,29.13
0,-5.03,5.76,14.39,14.39,88.66,-30.98,-20.63,-41,45.15,-18.32,28.67
0,-4.18,4.51,11.28,11.28,73.16,-28.44,-11.14,-22,45.15,-10.92,28.23
0,-3.76,3.9,9.75,9.75,48.82,-20.78,5.7,11,45.15,-1.4,27.88
0,-3.8,3.72,9.3,9.3,21.7,-10.39,25.16,50,45.15,7.86,27.69
0,-4.36,4.02,10.04,10.04,-4.24,0.64,43.46,86,45.15,15.17,27.65
0,-5.4,4.83,12.07,12.07,-27.57,11.3,59.15,104,45.15,20.06,27.78
0,-6.72,6.03,15.08,15.08,-49.12,21.49,72.68,117,45.15,23.13,28.07
0,-8.16,7.45,18.63,18.63,-64.93,30.75,83.75,128,45.15,24.51,28.5
0,-9.51,8.94,22.36,22.36,-71.47,36.54,88.14,133,45.15,22.57,29.03
0,-10.54,10.03,25.06,25.06,-73.47,39.28,87.74,132,45.15,18.86,29.61
0,-11.45,11,27.49,27.49,-67.47,39.65,83.69,128,45.15,14.05,30
0,-12.11,11.84,29.59,29.59,-53.24,36.36,73.71,118,45.15,7.34,30
0,-11.63,12.03,30.08,30.08,-31.2,29.3,58.8,103,45.15,-0.5,30
0,-9.99,10.87,27.19,27.19,-3.1,17.95,38.91,77,45.15,-9.04,30
0,-8.52,9.34,23.36,23.36,27.26,4.5,17.4,34,45.15,-17.1,30
0,-6.15,7.3,18.25,18.25,56.02,-9.42,-2.78,-5,45.15,-23.27,29.91
0,-4.47,5.39,13.48,13.48,83.04,-22.66,-20.64,-41,45.15,-27.6,29.62
0,-2.18,3.32,8.29,8.29,102,-34.22,-34.43,-68,45.15,-29.36,29.15
0,-0.18,1.02,2.55,2.55,109.41,-41.86,-40.52,-81,45.15,-27.19,28.54
0,1.65,-0.87,-2.17,-2.17,103.84,-44.18,-37.64,-75,45.15,-21.35,27.89
0,2.86,-2.33,-5.82,-5.82,87.55,-41.02,-26.33,-52,45.15,-12.56,27.25
0,3.83,-3.41,-8.52,-8.52,66.6,-34.27,-10.64,-21,45.15,-3.08,26.71
0,4.42,-4.19,-10.47,-10.47,48.04,-26.91,3.86,7,45.15,4.49,26.28
0,4.67,-4.6,-11.51,-11.51,31.36,-20.52,14.66,29,45.15,9.22,25.95
0,4.59,-4.66,-11.65,-11.65,13.7,-13.7,24.98,49,45.15,12.96,25.72
0,4.22,-4.45,-11.12,-11.12,-2.96,-6.48,35.07,70,45.15,15.96,25.6
0,3.55,-3.92,-9.81,-9.81,-17.2,0.22,43.37,86,45.15,17.57,25.57
0,2.66,-3.12,-7.81,-7.81,-29.35,6.29,49.99,95,45.15,18.06,25.65
0,1.79,-2.21,-5.52,-5.52,-38.69,11.59,55.07,100,45.15,17.67,25.8
0,0.94,-1.35,-3.37,-3.37,-43.48,15.33,57.45,102,45.15,16.1,26.02
0,0.12,-0.5,-1.25,-1.25,-43.35,17.13,56.64,101,45.15,13.24,26.27
0,0,-0.22,-0.54,-0.54,-37.31,16.24,52,97,45.15,9.24,26.52
0,-0.36,0.2,0.51,0.51,-25.4,12.99,43.73,87,45.15,4.01,26.73
0,-0.37,0.43,1.08,1.08,-9.99,7.62,32.83,65,45.15,-1.65,26.87
0,0.03,0.21,0.53,0.53,6.9,0.87,20.98,41,45.15,-6.8,26.91
0,0.83,-0.39,-0.97,-0.97,24.11,-6.6,9.16,18,45.15,-11.08,26.84
0,1.74,-1.26,-3.15,-3.15,40.39,-14.29,-1.99,-3,45.15,-14.35,26.65
0,2.98,-2.29,-5.73,-5.73,52.6,-21.09,-10.7,-21,45.15,-15.97,26.36
0,4.18,-3.54,-8.86,-8.86,61.29,-26.53,-16.44,-32,45.15,-15.89,25.98
0,5.34,-4.76,-11.9,-11.9,64.11,-30.21,-19.03,-38,45.15,-14.36,25.54
0,6.23,-5.85,-14.62,-14.62,58.97,-30.89,-16.55,-33,45.15,-10.73,25.07
0,6.68,-6.47,-16.19,-16.19,45.37,-27.72,-8.13,-16,45.15,-5.05,24.64
0,6.76,-6.76,-16.9,-16.9,26.38,-21.25,4.88,9,45.15,1.83,24.3
0,6.6,-6.71,-16.78,-16.78,7.31,-13.34,18.8,37,45.15,8.07,24.07
0,6.17,-6.43,-16.07,-16.07,-8.8,-5.96,30.22,60,45.15,12.23,23.95
0,5.38,-5.81,-14.52,-14.52,-21.43,0.42,38.69,77,45.15,14.33,23.93
0,4.58,-4.96,-12.4,-12.4,-29.85,5.54,44.24,88,45.15,14.69,24
0,3.82,-4.18,-10.46,-10.46,-32.5,8.61,46,91,45.15,13.28,24.12
0,3.11,-3.44,-8.59,-8.59,-30.2,9.24,43.67,87,45.15,10.16,24.26
0,2.7,-2.86,-7.15,-7.15,-25.26,8.42,39.49,78,45.15,6.68,24.39
0,2.74,-2.76,-6.89,-6.89,-15.57,5.65,32.84,65,45.15,2.71,24.49
0,2.89,-2.79,-6.97,-6.97,-2.39,0.92,23.54,47,45.15,-1.9,24.52
0,3.33,-3.05,-7.63,-7.63,12.28,-4.98,13.24,26,45.15,-6.24,24.47
0,4.16,-3.73,-9.32,-9.32,27.73,-11.73,2.62,5,45.15,-9.97,24.32
0,4.97,-4.6,-11.51,-11.51,41.02,-18.58,-7.29,-14,45.15,-12.77,24.06
0,5.97,-5.48,-13.69,-13.69,49.06,-23.73,-13.48,-26,45.15,-13.48,23.72
0,6.94,-6.45,-16.14,-16.14,53.45,-27.16,-16.32,-32,45.15,-12.49,23.33
0,7.83,-7.44,-18.6,-18.6,53.22,-29,-16.47,-32,45.15,-10.37,22.9
0,8.56,-8.23,-20.57,-20.57,47.79,-28.72,-13.36,-26,45.15,-7.1,22.47
0,9.07,-8.83,-22.06,-22.06,38.07,-26.12,-6.84,-13,45.15,-2.77,22.06
0,9.31,-9.23,-23.07,-23.07,26.77,-22.25,0.95,1,45.15,1.48,21.71
0,9.34,-9.34,-23.35,-23.35,14.55,-17.64,8.94,17,45.15,5.15,21.43
0,9.16,-9.28,-23.2,-23.2,2.45,-12.64,16.74,33,45.15,8.16,21.22
0,8.82,-9.03,-22.57,-22.57,-8.15,-7.77,23.53,47,45.15,10.22,21.09
0,8.37,-8.59,-21.48,-21.48,-15.33,-3.68,28.33,56,45.15,10.99,21.02
0,7.97,-8.15,-20.38,-20.38,-17.63,-1.3,29.81,59,45.15,10.12,20.99
0,7.75,-7.83,-19.58,-19.58,-14.94,-1.08,27.62,55,45.15,7.73,20.98
0,7.71,-7.71,-19.28,-19.28,-7.85,-2.97,22.23,44,45.15,4.26,20.94
0,7.94,-7.79,-19.47,-19.47,2.01,-6.51,14.7,29,45.15,0.35,20.86
0,8.42,-8.14,-20.35,-20.35,13.54,-11.21,6.09,12,45.15,-3.41,20.71
0,9.01,-8.69,-21.72,-21.72,25.37,-16.49,-2.67,-5,45.15,-6.65,20.48
0,9.78,-9.37,-23.43,-23.43,35.62,-21.69,-10.48,-20,45.15,-8.96,20.17
0,10.68,-10.25,-25.62,-25.62,43.35,-26.18,-16.38,-32,45.15,-9.99,19.8
0,11.61,-11.19,-27.98,-27.98,47.94,-29.61,-20.07,-40,45.15,-9.82,19.37
0,12.37,-11.99,-29.99,-29.99,47.85,-31.45,-21.01,-42,45.15,-8.45,18.9
0,13.01,-12.69,-31.72,-31.72,42.67,-30.99,-18.09,-36,45.15,-5.54,18.43
0,13.53,-13.29,-33.22,-33.22,34.97,-28.88,-12.88,-25,45.15,-1.99,17.99
0,14.02,-13.76,-34.41,-34.41,27.38,-26.13,-7.36,-14,45.15,1.19,17.59
0,14.39,-14.21,-35.52,-35.52,22.44,-24.06,-3.8,-7,45.15,3.04,17.22
0,14.66,-14.53,-36.34,-36.34,18.29,-22.69,-2.05,-4,45.15,3.78,16.87
0,14.8,-14.74,-36.84,-36.84,13.74,-21.16,-0.22,0,45.15,4.39,16.55
0,14.87,-14.83,-37.07,-37.07,9.1,-19.37,1.88,3,45.15,5,16.25
0,14.9,-14.89,-37.22,-37.22,5.85,-17.78,3.45,6,45.15,5.25,15.98
0,14.96,-14.91,-37.29,-37.29,4.31,-16.87,3.71,7,45.15,4.86,15.72
0,15.09,-15.02,-37.56,-37.56,4.32,-16.67,2.81,5,45.15,4.01,15.47
0,15.26,-15.16,-37.89,-37.89,6,-17.14,0.9,1,45.15,2.82,15.22
0,15.56,-15.4,-38.5,-38.5,9.47,-18.4,-2.14,-4,45.15,1.31,14.95
0,15.99,-15.77,-39.42,-39.42,14.63,-20.52,-6.35,-12,45.15,-0.48,14.65
0,16.5,-16.23,-40.58,-40.58,20.74,-23.28,-11.28,-22,45.15,-2.32,14.31
0,17.09,-16.77,-41.93,-41.93,26.93,-26.33,-16.32,-32,45.15,-3.92,13.93
0,17.69,-17.39,-43.46,-43.46,32.08,-29.28,-20.78,-41,45.15,-5,13.5
0,18.27,-17.97,-44.93,-44.93,35.02,-31.51,-23.74,-47,45.15,-5.26,13.03
0,18.9,-18.58,-46.46,-46.46,35.73,-32.83,-24.94,-49,45.15,-4.66,12.55
0,19.49,-19.19,-47.98,-47.98,34.88,-33.36,-24.84,-49,45.15,-3.53,12.05
0,20.19,-19.84,-49.61,-49.61,34.28,-33.62,-24.48,-48,45.15,-2.4,11.54
0,20.89,-20.53,-51.32,-51.32,34.59,-34.28,-25.1,-50,45.15,-1.85,11.03
0,21.61,-21.25,-53.12,-53.12,35.33,-35.21,-26.3,-52,45.15,-1.61,10.51
0,22.31,-21.95,-54.87,-54.87,35.91,-36.22,-27.76,-55,45.15,-1.51,9.97
0,22.99,-22.68,-56.69,-56.69,36.5,-37.17,-29.11,-58,45.15,-1.35,9.41
0,23.64,-23.32,-58.31,-58.31,36.8,-38,-30.35,-60,45.15,-1.2,8.85
0,24.39,-24.01,-60.02,-60.02,37.34,-38.8,-31.56,-63,45.15,-1.03,8.27
0,25.26,-24.82,-62.05,-62.05,39.11,-40.03,-33.51,-67,45.15,-1.16,7.67
0,26.19,-25.72,-64.31,-64.31,42.32,-41.95,-36.67,-73,45.15,-1.77,7.05
0,27.22,-26.73,-66.83,-66.83,46.52,-44.46,-40.71,-81,45.15,-2.65,6.39
0,28.24,-27.76,-69.41,-69.41,50.67,-47.24,-45.08,-90,45.15,-3.53,5.7
0,29.38,-28.8,-72,-72,53.73,-49.73,-48.72,-93,45.15,-3.95,4.96
0,30.45,-29.86,-74.65,-74.65,55.93,-51.84,-51.58,-96,45.15,-3.94,4.19
0,31.57,-31.07,-77.67,-75,58.17,-52.79,-53.12,-98,45.15,-3.74,3.4
0,32.9,-32.16,-80,-75,60.15,-53.72,-54.8,-99,45.15,-3.68,2.6
0,34.21,-33.63,-80,-75,62.04,-54.36,-55.98,-101,45.15,-3.4,1.79
0,35.5,-34.81,-80,-75,66.21,-55.55,-58.23,-103,45.15,-3.64,0.96
0,37.01,-36.24,-80,-75,70.58,-57.43,-61.75,-106,45.15,-4.42,0.1
0,38.49,-37.78,-80,-75,72.79,-58.81,-64.15,-109,45.15,-4.57,-0.77
0,39.79,-39.14,-80,-75,72.79,-59.19,-64.7,-109,45.15,-3.85,-1.66
0,41.04,-40.44,-80,-75,72.08,-58.97,-64.32,-109,45.15,-2.8,-2.55
0,42.3,-41.67,-80,-75,71.44,-58.71,-64.08,-109,45.15,-1.94,-3.43
0,43.62,-42.9,-80,-75,70.47,-58.41,-63.96,-109,45.15,-1.25,-4.31
0,45.16,-44.43,-80,-75,68.66,-57.88,-63.58,-108,45.15,-0.52,-5.18
0,46.27,-44.43,-80,-75,66.05,-57.88,-63.58,-108,45.15,-0.52,-5.18
0,47.36,-44.43,-80,-75,63.62,-57.88,-63.58,-108,45.15,-0.52,-5.18
